apoyo_id,anio,programa_id,municipio_id,numero_apoyos,apoyo_federal,apoyo_estatal,apoyo_municipal,aportacion_productor,total,fuente_archivo,fuente_hoja,cargado_en,programa_nombre,categoria,municipio_nombre,region_nombre
158,2023,45,3,44,0.00,1806218.00,0.00,1625073.50,3431291.50,C:\Users\vparsar\Desktop\ENTREGA CHUCHO\ENTREGA CHUCHO\00000 PROYECTOS\Tarjetas Municipales Srio\Eventos  _ESTATAL_\2025 1112 ESTATAL_u2_ actualizar.xlsx,Dinamismo2023Estatal,2026-07-30 20:05:33.097295+00,DINAMISMO AGROALIMENTARIO,,CADEREYTA DE MONTES,CADEREYTA
138,2023,42,3,223,0.00,1900000.00,1900000.00,2792604.00,6592604.00,C:\Users\vparsar\Desktop\ENTREGA CHUCHO\ENTREGA CHUCHO\00000 PROYECTOS\Tarjetas Municipales Srio\Eventos  _ESTATAL_\2025 1112 ESTATAL_u2_ actualizar.xlsx,Municipalizado23Estatal,2026-07-30 20:05:33.097295+00,MUNICIPALIZADO,,CADEREYTA DE MONTES,CADEREYTA
177,2024,45,3,83,0.00,3482401.00,0.00,3380820.67,6863221.67,C:\Users\vparsar\Desktop\ENTREGA CHUCHO\ENTREGA CHUCHO\00000 PROYECTOS\Tarjetas Municipales Srio\Eventos  _ESTATAL_\2025 1112 ESTATAL_u2_ actualizar.xlsx,Dinamismo2024Estatal,2026-07-30 20:05:33.097295+00,DINAMISMO AGROALIMENTARIO,,CADEREYTA DE MONTES,CADEREYTA
18,2025,38,3,1,0.00,7023.00,0.00,0.00,7023.00,C:\Users\vparsar\Desktop\ENTREGA CHUCHO\ENTREGA CHUCHO\00000 PROYECTOS\Tarjetas Municipales Srio\Eventos  _ESTATAL_\2025 1112 ESTATAL_u2_ actualizar.xlsx,Apícolas Azúcar,2026-07-30 20:05:33.097295+00,APÍCOLAS,,CADEREYTA DE MONTES,CADEREYTA
27,2025,39,3,108,0.00,540000.00,0.00,0.00,540000.00,C:\Users\vparsar\Desktop\ENTREGA CHUCHO\ENTREGA CHUCHO\00000 PROYECTOS\Tarjetas Municipales Srio\Eventos  _ESTATAL_\2025 1112 ESTATAL_u2_ actualizar.xlsx,"Avena, Garbanzo 2025",2026-07-30 20:05:33.097295+00,AVENA Y GARBANZO,,CADEREYTA DE MONTES,CADEREYTA
95,2025,43,3,10,0.00,648464.00,0.00,333799.07,982263.07,C:\Users\vparsar\Desktop\ENTREGA CHUCHO\ENTREGA CHUCHO\00000 PROYECTOS\Tarjetas Municipales Srio\Eventos  _ESTATAL_\2025 1112 ESTATAL_u2_ actualizar.xlsx,Bordería2025Estatal,2026-07-30 20:05:33.097295+00,BORDERÍA,,CADEREYTA DE MONTES,CADEREYTA
114,2025,45,3,92,0.00,3371458.00,0.00,4219196.11,7590654.11,C:\Users\vparsar\Desktop\ENTREGA CHUCHO\ENTREGA CHUCHO\00000 PROYECTOS\Tarjetas Municipales Srio\Eventos  _ESTATAL_\2025 1112 ESTATAL_u2_ actualizar.xlsx,Dinamismo2025Estatal,2026-07-30 20:05:33.097295+00,DINAMISMO AGROALIMENTARIO,,CADEREYTA DE MONTES,CADEREYTA
62,2025,41,3,1003,0.00,2597043.00,0.00,0.00,2597043.00,C:\Users\vparsar\Desktop\ENTREGA CHUCHO\ENTREGA CHUCHO\00000 PROYECTOS\Tarjetas Municipales Srio\Eventos  _ESTATAL_\2025 1112 ESTATAL_u2_ actualizar.xlsx,Maíz Blanco2025Estatal,2026-07-30 20:05:33.097295+00,MAÍZ BLANCO,,CADEREYTA DE MONTES,CADEREYTA
44,2025,40,3,147,0.00,606984.00,0.00,0.00,606984.00,C:\Users\vparsar\Desktop\ENTREGA CHUCHO\ENTREGA CHUCHO\00000 PROYECTOS\Tarjetas Municipales Srio\Eventos  _ESTATAL_\2025 1112 ESTATAL_u2_ actualizar.xlsx,Pacas&Suplementos2025,2026-07-30 20:05:33.097295+00,PACAS Y SUPLEMENTOS,,CADEREYTA DE MONTES,CADEREYTA
104,2025,44,3,1,0.00,110000.00,0.00,202639.00,312639.00,C:\Users\vparsar\Desktop\ENTREGA CHUCHO\ENTREGA CHUCHO\00000 PROYECTOS\Tarjetas Municipales Srio\Eventos  _ESTATAL_\2025 1112 ESTATAL_u2_ actualizar.xlsx,Tecnificación2025Estatal,2026-07-30 20:05:33.097295+00,TECNIFICACIÓN,,CADEREYTA DE MONTES,CADEREYTA
164,2023,45,4,18,0.00,851784.00,0.00,1526275.86,2378059.86,C:\Users\vparsar\Desktop\ENTREGA CHUCHO\ENTREGA CHUCHO\00000 PROYECTOS\Tarjetas Municipales Srio\Eventos  _ESTATAL_\2025 1112 ESTATAL_u2_ actualizar.xlsx,Dinamismo2023Estatal,2026-07-30 20:05:33.097295+00,DINAMISMO AGROALIMENTARIO,,COLÓN,CADEREYTA
129,2023,42,4,211,0.00,6000000.00,6000000.00,13162557.00,25162557.00,C:\Users\vparsar\Desktop\ENTREGA CHUCHO\ENTREGA CHUCHO\00000 PROYECTOS\Tarjetas Municipales Srio\Eventos  _ESTATAL_\2025 1112 ESTATAL_u2_ actualizar.xlsx,Municipalizado23Estatal,2026-07-30 20:05:33.097295+00,MUNICIPALIZADO,,COLÓN,CADEREYTA
181,2024,45,4,43,0.00,2133693.00,0.00,4722381.01,6856074.01,C:\Users\vparsar\Desktop\ENTREGA CHUCHO\ENTREGA CHUCHO\00000 PROYECTOS\Tarjetas Municipales Srio\Eventos  _ESTATAL_\2025 1112 ESTATAL_u2_ actualizar.xlsx,Dinamismo2024Estatal,2026-07-30 20:05:33.097295+00,DINAMISMO AGROALIMENTARIO,,COLÓN,CADEREYTA
149,2024,42,4,96,0.00,1500000.00,1500000.00,4220640.02,7220640.02,C:\Users\vparsar\Desktop\ENTREGA CHUCHO\ENTREGA CHUCHO\00000 PROYECTOS\Tarjetas Municipales Srio\Eventos  _ESTATAL_\2025 1112 ESTATAL_u2_ actualizar.xlsx,Municipalizado24Estatal_,2026-07-30 20:05:33.097295+00,MUNICIPALIZADO,,COLÓN,CADEREYTA
9,2025,38,4,10,0.00,64377.50,0.00,0.00,64377.50,C:\Users\vparsar\Desktop\ENTREGA CHUCHO\ENTREGA CHUCHO\00000 PROYECTOS\Tarjetas Municipales Srio\Eventos  _ESTATAL_\2025 1112 ESTATAL_u2_ actualizar.xlsx,Apícolas Azúcar,2026-07-30 20:05:33.097295+00,APÍCOLAS,,COLÓN,CADEREYTA
24,2025,39,4,168,0.00,792450.00,0.00,0.00,792450.00,C:\Users\vparsar\Desktop\ENTREGA CHUCHO\ENTREGA CHUCHO\00000 PROYECTOS\Tarjetas Municipales Srio\Eventos  _ESTATAL_\2025 1112 ESTATAL_u2_ actualizar.xlsx,"Avena, Garbanzo 2025",2026-07-30 20:05:33.097295+00,AVENA Y GARBANZO,,COLÓN,CADEREYTA
92,2025,43,4,10,0.00,789520.00,0.00,1183661.24,1973181.24,C:\Users\vparsar\Desktop\ENTREGA CHUCHO\ENTREGA CHUCHO\00000 PROYECTOS\Tarjetas Municipales Srio\Eventos  _ESTATAL_\2025 1112 ESTATAL_u2_ actualizar.xlsx,Bordería2025Estatal,2026-07-30 20:05:33.097295+00,BORDERÍA,,COLÓN,CADEREYTA
120,2025,45,4,40,0.00,1931570.00,0.00,3178053.80,5109623.80,C:\Users\vparsar\Desktop\ENTREGA CHUCHO\ENTREGA CHUCHO\00000 PROYECTOS\Tarjetas Municipales Srio\Eventos  _ESTATAL_\2025 1112 ESTATAL_u2_ actualizar.xlsx,Dinamismo2025Estatal,2026-07-30 20:05:33.097295+00,DINAMISMO AGROALIMENTARIO,,COLÓN,CADEREYTA
60,2025,41,4,1137,0.00,3623304.00,0.00,0.00,3623304.00,C:\Users\vparsar\Desktop\ENTREGA CHUCHO\ENTREGA CHUCHO\00000 PROYECTOS\Tarjetas Municipales Srio\Eventos  _ESTATAL_\2025 1112 ESTATAL_u2_ actualizar.xlsx,Maíz Blanco2025Estatal,2026-07-30 20:05:33.097295+00,MAÍZ BLANCO,,COLÓN,CADEREYTA
74,2025,42,4,196,0.00,4000000.00,4000000.00,5710994.00,13710994.00,C:\Users\vparsar\Desktop\ENTREGA CHUCHO\ENTREGA CHUCHO\00000 PROYECTOS\Tarjetas Municipales Srio\Eventos  _ESTATAL_\2025 1112 ESTATAL_u2_ actualizar.xlsx,Municipalizado2025Estatal,2026-07-30 20:05:33.097295+00,MUNICIPALIZADO,,COLÓN,CADEREYTA
46,2025,40,4,124,0.00,515592.00,0.00,0.00,515592.00,C:\Users\vparsar\Desktop\ENTREGA CHUCHO\ENTREGA CHUCHO\00000 PROYECTOS\Tarjetas Municipales Srio\Eventos  _ESTATAL_\2025 1112 ESTATAL_u2_ actualizar.xlsx,Pacas&Suplementos2025,2026-07-30 20:05:33.097295+00,PACAS Y SUPLEMENTOS,,COLÓN,CADEREYTA
161,2023,45,7,23,0.00,1431626.00,0.00,2030826.40,3462452.40,C:\Users\vparsar\Desktop\ENTREGA CHUCHO\ENTREGA CHUCHO\00000 PROYECTOS\Tarjetas Municipales Srio\Eventos  _ESTATAL_\2025 1112 ESTATAL_u2_ actualizar.xlsx,Dinamismo2023Estatal,2026-07-30 20:05:33.097295+00,DINAMISMO AGROALIMENTARIO,,EZEQUIEL MONTES,CADEREYTA
144,2023,42,7,142,0.00,1000000.00,1000000.00,1042274.00,3042274.00,C:\Users\vparsar\Desktop\ENTREGA CHUCHO\ENTREGA CHUCHO\00000 PROYECTOS\Tarjetas Municipales Srio\Eventos  _ESTATAL_\2025 1112 ESTATAL_u2_ actualizar.xlsx,Municipalizado23Estatal,2026-07-30 20:05:33.097295+00,MUNICIPALIZADO,,EZEQUIEL MONTES,CADEREYTA
179,2024,45,7,37,0.00,2218519.00,0.00,5403935.27,7622454.27,C:\Users\vparsar\Desktop\ENTREGA CHUCHO\ENTREGA CHUCHO\00000 PROYECTOS\Tarjetas Municipales Srio\Eventos  _ESTATAL_\2025 1112 ESTATAL_u2_ actualizar.xlsx,Dinamismo2024Estatal,2026-07-30 20:05:33.097295+00,DINAMISMO AGROALIMENTARIO,,EZEQUIEL MONTES,CADEREYTA
19,2025,38,7,1,0.00,7023.00,0.00,0.00,7023.00,C:\Users\vparsar\Desktop\ENTREGA CHUCHO\ENTREGA CHUCHO\00000 PROYECTOS\Tarjetas Municipales Srio\Eventos  _ESTATAL_\2025 1112 ESTATAL_u2_ actualizar.xlsx,Apícolas Azúcar,2026-07-30 20:05:33.097295+00,APÍCOLAS,,EZEQUIEL MONTES,CADEREYTA
33,2025,39,7,108,0.00,378675.00,0.00,0.00,378675.00,C:\Users\vparsar\Desktop\ENTREGA CHUCHO\ENTREGA CHUCHO\00000 PROYECTOS\Tarjetas Municipales Srio\Eventos  _ESTATAL_\2025 1112 ESTATAL_u2_ actualizar.xlsx,"Avena, Garbanzo 2025",2026-07-30 20:05:33.097295+00,AVENA Y GARBANZO,,EZEQUIEL MONTES,CADEREYTA
123,2025,45,7,31,0.00,1689987.00,0.00,4475729.01,6165716.01,C:\Users\vparsar\Desktop\ENTREGA CHUCHO\ENTREGA CHUCHO\00000 PROYECTOS\Tarjetas Municipales Srio\Eventos  _ESTATAL_\2025 1112 ESTATAL_u2_ actualizar.xlsx,Dinamismo2025Estatal,2026-07-30 20:05:33.097295+00,DINAMISMO AGROALIMENTARIO,,EZEQUIEL MONTES,CADEREYTA
71,2025,41,7,315,0.00,1051886.00,0.00,0.00,1051886.00,C:\Users\vparsar\Desktop\ENTREGA CHUCHO\ENTREGA CHUCHO\00000 PROYECTOS\Tarjetas Municipales Srio\Eventos  _ESTATAL_\2025 1112 ESTATAL_u2_ actualizar.xlsx,Maíz Blanco2025Estatal,2026-07-30 20:05:33.097295+00,MAÍZ BLANCO,,EZEQUIEL MONTES,CADEREYTA
86,2025,42,7,51,0.00,1000000.00,1000000.00,2167311.00,4167311.00,C:\Users\vparsar\Desktop\ENTREGA CHUCHO\ENTREGA CHUCHO\00000 PROYECTOS\Tarjetas Municipales Srio\Eventos  _ESTATAL_\2025 1112 ESTATAL_u2_ actualizar.xlsx,Municipalizado2025Estatal,2026-07-30 20:05:33.097295+00,MUNICIPALIZADO,,EZEQUIEL MONTES,CADEREYTA
53,2025,40,7,24,0.00,100800.00,0.00,0.00,100800.00,C:\Users\vparsar\Desktop\ENTREGA CHUCHO\ENTREGA CHUCHO\00000 PROYECTOS\Tarjetas Municipales Srio\Eventos  _ESTATAL_\2025 1112 ESTATAL_u2_ actualizar.xlsx,Pacas&Suplementos2025,2026-07-30 20:05:33.097295+00,PACAS Y SUPLEMENTOS,,EZEQUIEL MONTES,CADEREYTA
106,2025,44,7,5,0.00,4081690.00,0.00,2110900.33,6192590.33,C:\Users\vparsar\Desktop\ENTREGA CHUCHO\ENTREGA CHUCHO\00000 PROYECTOS\Tarjetas Municipales Srio\Eventos  _ESTATAL_\2025 1112 ESTATAL_u2_ actualizar.xlsx,Tecnificación2025Estatal,2026-07-30 20:05:33.097295+00,TECNIFICACIÓN,,EZEQUIEL MONTES,CADEREYTA
172,2023,45,12,3,0.00,75000.00,0.00,51000.00,126000.00,C:\Users\vparsar\Desktop\ENTREGA CHUCHO\ENTREGA CHUCHO\00000 PROYECTOS\Tarjetas Municipales Srio\Eventos  _ESTATAL_\2025 1112 ESTATAL_u2_ actualizar.xlsx,Dinamismo2023Estatal,2026-07-30 20:05:33.097295+00,DINAMISMO AGROALIMENTARIO,,PEÑAMILLER,CADEREYTA
141,2023,42,12,254,0.00,1300000.00,1300000.00,1354760.00,3954760.00,C:\Users\vparsar\Desktop\ENTREGA CHUCHO\ENTREGA CHUCHO\00000 PROYECTOS\Tarjetas Municipales Srio\Eventos  _ESTATAL_\2025 1112 ESTATAL_u2_ actualizar.xlsx,Municipalizado23Estatal,2026-07-30 20:05:33.097295+00,MUNICIPALIZADO,,PEÑAMILLER,CADEREYTA
191,2024,45,12,3,0.00,25053.00,0.00,10740.30,35793.30,C:\Users\vparsar\Desktop\ENTREGA CHUCHO\ENTREGA CHUCHO\00000 PROYECTOS\Tarjetas Municipales Srio\Eventos  _ESTATAL_\2025 1112 ESTATAL_u2_ actualizar.xlsx,Dinamismo2024Estatal,2026-07-30 20:05:33.097295+00,DINAMISMO AGROALIMENTARIO,,PEÑAMILLER,CADEREYTA
155,2024,42,12,103,0.00,706766.10,706766.10,1289637.80,2703170.00,C:\Users\vparsar\Desktop\ENTREGA CHUCHO\ENTREGA CHUCHO\00000 PROYECTOS\Tarjetas Municipales Srio\Eventos  _ESTATAL_\2025 1112 ESTATAL_u2_ actualizar.xlsx,Municipalizado24Estatal_,2026-07-30 20:05:33.097295+00,MUNICIPALIZADO,,PEÑAMILLER,CADEREYTA
36,2025,39,12,22,0.00,90450.00,0.00,0.00,90450.00,C:\Users\vparsar\Desktop\ENTREGA CHUCHO\ENTREGA CHUCHO\00000 PROYECTOS\Tarjetas Municipales Srio\Eventos  _ESTATAL_\2025 1112 ESTATAL_u2_ actualizar.xlsx,"Avena, Garbanzo 2025",2026-07-30 20:05:33.097295+00,AVENA Y GARBANZO,,PEÑAMILLER,CADEREYTA
99,2025,43,12,4,0.00,337000.00,0.00,153000.00,490000.00,C:\Users\vparsar\Desktop\ENTREGA CHUCHO\ENTREGA CHUCHO\00000 PROYECTOS\Tarjetas Municipales Srio\Eventos  _ESTATAL_\2025 1112 ESTATAL_u2_ actualizar.xlsx,Bordería2025Estatal,2026-07-30 20:05:33.097295+00,BORDERÍA,,PEÑAMILLER,CADEREYTA
128,2025,45,12,9,0.00,177860.00,0.00,189936.26,367796.26,C:\Users\vparsar\Desktop\ENTREGA CHUCHO\ENTREGA CHUCHO\00000 PROYECTOS\Tarjetas Municipales Srio\Eventos  _ESTATAL_\2025 1112 ESTATAL_u2_ actualizar.xlsx,Dinamismo2025Estatal,2026-07-30 20:05:33.097295+00,DINAMISMO AGROALIMENTARIO,,PEÑAMILLER,CADEREYTA
70,2025,41,12,738,0.00,1126197.00,0.00,0.00,1126197.00,C:\Users\vparsar\Desktop\ENTREGA CHUCHO\ENTREGA CHUCHO\00000 PROYECTOS\Tarjetas Municipales Srio\Eventos  _ESTATAL_\2025 1112 ESTATAL_u2_ actualizar.xlsx,Maíz Blanco2025Estatal,2026-07-30 20:05:33.097295+00,MAÍZ BLANCO,,PEÑAMILLER,CADEREYTA
84,2025,42,12,140,0.00,1000000.00,1000000.00,1141416.00,3141416.00,C:\Users\vparsar\Desktop\ENTREGA CHUCHO\ENTREGA CHUCHO\00000 PROYECTOS\Tarjetas Municipales Srio\Eventos  _ESTATAL_\2025 1112 ESTATAL_u2_ actualizar.xlsx,Municipalizado2025Estatal,2026-07-30 20:05:33.097295+00,MUNICIPALIZADO,,PEÑAMILLER,CADEREYTA
43,2025,40,12,156,0.00,676900.00,0.00,0.00,676900.00,C:\Users\vparsar\Desktop\ENTREGA CHUCHO\ENTREGA CHUCHO\00000 PROYECTOS\Tarjetas Municipales Srio\Eventos  _ESTATAL_\2025 1112 ESTATAL_u2_ actualizar.xlsx,Pacas&Suplementos2025,2026-07-30 20:05:33.097295+00,PACAS Y SUPLEMENTOS,,PEÑAMILLER,CADEREYTA
173,2023,45,15,2,0.00,68000.00,0.00,74120.00,142120.00,C:\Users\vparsar\Desktop\ENTREGA CHUCHO\ENTREGA CHUCHO\00000 PROYECTOS\Tarjetas Municipales Srio\Eventos  _ESTATAL_\2025 1112 ESTATAL_u2_ actualizar.xlsx,Dinamismo2023Estatal,2026-07-30 20:05:33.097295+00,DINAMISMO AGROALIMENTARIO,,SAN JOAQUÍN,CADEREYTA
132,2023,42,15,341,0.00,3000000.00,3000000.00,3138303.00,9138303.00,C:\Users\vparsar\Desktop\ENTREGA CHUCHO\ENTREGA CHUCHO\00000 PROYECTOS\Tarjetas Municipales Srio\Eventos  _ESTATAL_\2025 1112 ESTATAL_u2_ actualizar.xlsx,Municipalizado23Estatal,2026-07-30 20:05:33.097295+00,MUNICIPALIZADO,,SAN JOAQUÍN,CADEREYTA
190,2024,45,15,3,0.00,99593.00,0.00,110407.00,210000.00,C:\Users\vparsar\Desktop\ENTREGA CHUCHO\ENTREGA CHUCHO\00000 PROYECTOS\Tarjetas Municipales Srio\Eventos  _ESTATAL_\2025 1112 ESTATAL_u2_ actualizar.xlsx,Dinamismo2024Estatal,2026-07-30 20:05:33.097295+00,DINAMISMO AGROALIMENTARIO,,SAN JOAQUÍN,CADEREYTA
148,2024,42,15,295,0.00,2000000.00,2000000.00,2194286.64,6194286.64,C:\Users\vparsar\Desktop\ENTREGA CHUCHO\ENTREGA CHUCHO\00000 PROYECTOS\Tarjetas Municipales Srio\Eventos  _ESTATAL_\2025 1112 ESTATAL_u2_ actualizar.xlsx,Municipalizado24Estatal_,2026-07-30 20:05:33.097295+00,MUNICIPALIZADO,,SAN JOAQUÍN,CADEREYTA
37,2025,39,15,18,0.00,82350.00,0.00,0.00,82350.00,C:\Users\vparsar\Desktop\ENTREGA CHUCHO\ENTREGA CHUCHO\00000 PROYECTOS\Tarjetas Municipales Srio\Eventos  _ESTATAL_\2025 1112 ESTATAL_u2_ actualizar.xlsx,"Avena, Garbanzo 2025",2026-07-30 20:05:33.097295+00,AVENA Y GARBANZO,,SAN JOAQUÍN,CADEREYTA
93,2025,43,15,3,0.00,695000.00,0.00,479940.00,1174940.00,C:\Users\vparsar\Desktop\ENTREGA CHUCHO\ENTREGA CHUCHO\00000 PROYECTOS\Tarjetas Municipales Srio\Eventos  _ESTATAL_\2025 1112 ESTATAL_u2_ actualizar.xlsx,Bordería2025Estatal,2026-07-30 20:05:33.097295+00,BORDERÍA,,SAN JOAQUÍN,CADEREYTA
127,2025,45,15,4,0.00,206730.00,0.00,214230.00,420960.00,C:\Users\vparsar\Desktop\ENTREGA CHUCHO\ENTREGA CHUCHO\00000 PROYECTOS\Tarjetas Municipales Srio\Eventos  _ESTATAL_\2025 1112 ESTATAL_u2_ actualizar.xlsx,Dinamismo2025Estatal,2026-07-30 20:05:33.097295+00,DINAMISMO AGROALIMENTARIO,,SAN JOAQUÍN,CADEREYTA
73,2025,41,15,303,0.00,399742.00,0.00,0.00,399742.00,C:\Users\vparsar\Desktop\ENTREGA CHUCHO\ENTREGA CHUCHO\00000 PROYECTOS\Tarjetas Municipales Srio\Eventos  _ESTATAL_\2025 1112 ESTATAL_u2_ actualizar.xlsx,Maíz Blanco2025Estatal,2026-07-30 20:05:33.097295+00,MAÍZ BLANCO,,SAN JOAQUÍN,CADEREYTA
77,2025,42,15,125,0.00,1000000.00,1000000.00,1112470.00,3112470.00,C:\Users\vparsar\Desktop\ENTREGA CHUCHO\ENTREGA CHUCHO\00000 PROYECTOS\Tarjetas Municipales Srio\Eventos  _ESTATAL_\2025 1112 ESTATAL_u2_ actualizar.xlsx,Municipalizado2025Estatal,2026-07-30 20:05:33.097295+00,MUNICIPALIZADO,,SAN JOAQUÍN,CADEREYTA
49,2025,40,15,53,0.00,230020.00,0.00,0.00,230020.00,C:\Users\vparsar\Desktop\ENTREGA CHUCHO\ENTREGA CHUCHO\00000 PROYECTOS\Tarjetas Municipales Srio\Eventos  _ESTATAL_\2025 1112 ESTATAL_u2_ actualizar.xlsx,Pacas&Suplementos2025,2026-07-30 20:05:33.097295+00,PACAS Y SUPLEMENTOS,,SAN JOAQUÍN,CADEREYTA
171,2023,45,18,12,0.00,300700.00,0.00,272462.50,573162.50,C:\Users\vparsar\Desktop\ENTREGA CHUCHO\ENTREGA CHUCHO\00000 PROYECTOS\Tarjetas Municipales Srio\Eventos  _ESTATAL_\2025 1112 ESTATAL_u2_ actualizar.xlsx,Dinamismo2023Estatal,2026-07-30 20:05:33.097295+00,DINAMISMO AGROALIMENTARIO,,TOLIMÁN,CADEREYTA
146,2023,42,18,75,0.00,461720.00,461720.00,485738.00,1409178.00,C:\Users\vparsar\Desktop\ENTREGA CHUCHO\ENTREGA CHUCHO\00000 PROYECTOS\Tarjetas Municipales Srio\Eventos  _ESTATAL_\2025 1112 ESTATAL_u2_ actualizar.xlsx,Municipalizado23Estatal,2026-07-30 20:05:33.097295+00,MUNICIPALIZADO,,TOLIMÁN,CADEREYTA
189,2024,45,18,27,0.00,999740.00,0.00,2204793.24,3204533.24,C:\Users\vparsar\Desktop\ENTREGA CHUCHO\ENTREGA CHUCHO\00000 PROYECTOS\Tarjetas Municipales Srio\Eventos  _ESTATAL_\2025 1112 ESTATAL_u2_ actualizar.xlsx,Dinamismo2024Estatal,2026-07-30 20:05:33.097295+00,DINAMISMO AGROALIMENTARIO,,TOLIMÁN,CADEREYTA
16,2025,38,18,3,0.00,17557.50,0.00,0.00,17557.50,C:\Users\vparsar\Desktop\ENTREGA CHUCHO\ENTREGA CHUCHO\00000 PROYECTOS\Tarjetas Municipales Srio\Eventos  _ESTATAL_\2025 1112 ESTATAL_u2_ actualizar.xlsx,Apícolas Azúcar,2026-07-30 20:05:33.097295+00,APÍCOLAS,,TOLIMÁN,CADEREYTA
35,2025,39,18,53,0.00,147150.00,0.00,0.00,147150.00,C:\Users\vparsar\Desktop\ENTREGA CHUCHO\ENTREGA CHUCHO\00000 PROYECTOS\Tarjetas Municipales Srio\Eventos  _ESTATAL_\2025 1112 ESTATAL_u2_ actualizar.xlsx,"Avena, Garbanzo 2025",2026-07-30 20:05:33.097295+00,AVENA Y GARBANZO,,TOLIMÁN,CADEREYTA
102,2025,43,18,2,0.00,128286.00,0.00,72190.00,200476.00,C:\Users\vparsar\Desktop\ENTREGA CHUCHO\ENTREGA CHUCHO\00000 PROYECTOS\Tarjetas Municipales Srio\Eventos  _ESTATAL_\2025 1112 ESTATAL_u2_ actualizar.xlsx,Bordería2025Estatal,2026-07-30 20:05:33.097295+00,BORDERÍA,,TOLIMÁN,CADEREYTA
125,2025,45,18,36,0.00,1121123.00,0.00,1239344.00,2360467.00,C:\Users\vparsar\Desktop\ENTREGA CHUCHO\ENTREGA CHUCHO\00000 PROYECTOS\Tarjetas Municipales Srio\Eventos  _ESTATAL_\2025 1112 ESTATAL_u2_ actualizar.xlsx,Dinamismo2025Estatal,2026-07-30 20:05:33.097295+00,DINAMISMO AGROALIMENTARIO,,TOLIMÁN,CADEREYTA
72,2025,41,18,210,0.00,459960.00,0.00,0.00,459960.00,C:\Users\vparsar\Desktop\ENTREGA CHUCHO\ENTREGA CHUCHO\00000 PROYECTOS\Tarjetas Municipales Srio\Eventos  _ESTATAL_\2025 1112 ESTATAL_u2_ actualizar.xlsx,Maíz Blanco2025Estatal,2026-07-30 20:05:33.097295+00,MAÍZ BLANCO,,TOLIMÁN,CADEREYTA
88,2025,42,18,134,0.00,500000.00,500000.00,575877.79,1575877.79,C:\Users\vparsar\Desktop\ENTREGA CHUCHO\ENTREGA CHUCHO\00000 PROYECTOS\Tarjetas Municipales Srio\Eventos  _ESTATAL_\2025 1112 ESTATAL_u2_ actualizar.xlsx,Municipalizado2025Estatal,2026-07-30 20:05:33.097295+00,MUNICIPALIZADO,,TOLIMÁN,CADEREYTA
45,2025,40,18,140,0.00,588000.00,0.00,0.00,588000.00,C:\Users\vparsar\Desktop\ENTREGA CHUCHO\ENTREGA CHUCHO\00000 PROYECTOS\Tarjetas Municipales Srio\Eventos  _ESTATAL_\2025 1112 ESTATAL_u2_ actualizar.xlsx,Pacas&Suplementos2025,2026-07-30 20:05:33.097295+00,PACAS Y SUPLEMENTOS,,TOLIMÁN,CADEREYTA
170,2023,45,2,15,0.00,513998.00,0.00,746350.78,1260348.78,C:\Users\vparsar\Desktop\ENTREGA CHUCHO\ENTREGA CHUCHO\00000 PROYECTOS\Tarjetas Municipales Srio\Eventos  _ESTATAL_\2025 1112 ESTATAL_u2_ actualizar.xlsx,Dinamismo2023Estatal,2026-07-30 20:05:33.097295+00,DINAMISMO AGROALIMENTARIO,,ARROYO SECO,JALPAN
143,2023,42,2,113,0.00,1000000.00,1000000.00,1058242.00,3058242.00,C:\Users\vparsar\Desktop\ENTREGA CHUCHO\ENTREGA CHUCHO\00000 PROYECTOS\Tarjetas Municipales Srio\Eventos  _ESTATAL_\2025 1112 ESTATAL_u2_ actualizar.xlsx,Municipalizado23Estatal,2026-07-30 20:05:33.097295+00,MUNICIPALIZADO,,ARROYO SECO,JALPAN
188,2024,45,2,53,0.00,1656630.00,0.00,1626881.63,3283511.63,C:\Users\vparsar\Desktop\ENTREGA CHUCHO\ENTREGA CHUCHO\00000 PROYECTOS\Tarjetas Municipales Srio\Eventos  _ESTATAL_\2025 1112 ESTATAL_u2_ actualizar.xlsx,Dinamismo2024Estatal,2026-07-30 20:05:33.097295+00,DINAMISMO AGROALIMENTARIO,,ARROYO SECO,JALPAN
1,2025,37,2,20,0.00,132704.00,0.00,0.00,132704.00,C:\Users\vparsar\Desktop\ENTREGA CHUCHO\ENTREGA CHUCHO\00000 PROYECTOS\Tarjetas Municipales Srio\Eventos  _ESTATAL_\2025 1112 ESTATAL_u2_ actualizar.xlsx,Acuícolas,2026-07-30 20:05:33.097295+00,ACUÍCOLAS,,ARROYO SECO,JALPAN
4,2025,38,2,25,0.00,125243.50,0.00,0.00,125243.50,C:\Users\vparsar\Desktop\ENTREGA CHUCHO\ENTREGA CHUCHO\00000 PROYECTOS\Tarjetas Municipales Srio\Eventos  _ESTATAL_\2025 1112 ESTATAL_u2_ actualizar.xlsx,Apícolas Azúcar,2026-07-30 20:05:33.097295+00,APÍCOLAS,,ARROYO SECO,JALPAN
28,2025,39,2,106,0.00,537400.00,0.00,0.00,537400.00,C:\Users\vparsar\Desktop\ENTREGA CHUCHO\ENTREGA CHUCHO\00000 PROYECTOS\Tarjetas Municipales Srio\Eventos  _ESTATAL_\2025 1112 ESTATAL_u2_ actualizar.xlsx,"Avena, Garbanzo 2025",2026-07-30 20:05:33.097295+00,AVENA Y GARBANZO,,ARROYO SECO,JALPAN
91,2025,43,2,20,0.00,1421710.00,0.00,690958.00,2112668.00,C:\Users\vparsar\Desktop\ENTREGA CHUCHO\ENTREGA CHUCHO\00000 PROYECTOS\Tarjetas Municipales Srio\Eventos  _ESTATAL_\2025 1112 ESTATAL_u2_ actualizar.xlsx,Bordería2025Estatal,2026-07-30 20:05:33.097295+00,BORDERÍA,,ARROYO SECO,JALPAN
119,2025,45,2,61,0.00,2229127.00,0.00,2196269.70,4425396.70,C:\Users\vparsar\Desktop\ENTREGA CHUCHO\ENTREGA CHUCHO\00000 PROYECTOS\Tarjetas Municipales Srio\Eventos  _ESTATAL_\2025 1112 ESTATAL_u2_ actualizar.xlsx,Dinamismo2025Estatal,2026-07-30 20:05:33.097295+00,DINAMISMO AGROALIMENTARIO,,ARROYO SECO,JALPAN
67,2025,41,2,709,0.00,1543876.00,0.00,0.00,1543876.00,C:\Users\vparsar\Desktop\ENTREGA CHUCHO\ENTREGA CHUCHO\00000 PROYECTOS\Tarjetas Municipales Srio\Eventos  _ESTATAL_\2025 1112 ESTATAL_u2_ actualizar.xlsx,Maíz Blanco2025Estatal,2026-07-30 20:05:33.097295+00,MAÍZ BLANCO,,ARROYO SECO,JALPAN
85,2025,42,2,865,0.00,3000000.00,3000000.00,3132580.00,9132580.00,C:\Users\vparsar\Desktop\ENTREGA CHUCHO\ENTREGA CHUCHO\00000 PROYECTOS\Tarjetas Municipales Srio\Eventos  _ESTATAL_\2025 1112 ESTATAL_u2_ actualizar.xlsx,Municipalizado2025Estatal,2026-07-30 20:05:33.097295+00,MUNICIPALIZADO,,ARROYO SECO,JALPAN
38,2025,40,2,350,0.00,1515976.00,0.00,0.00,1515976.00,C:\Users\vparsar\Desktop\ENTREGA CHUCHO\ENTREGA CHUCHO\00000 PROYECTOS\Tarjetas Municipales Srio\Eventos  _ESTATAL_\2025 1112 ESTATAL_u2_ actualizar.xlsx,Pacas&Suplementos2025,2026-07-30 20:05:33.097295+00,PACAS Y SUPLEMENTOS,,ARROYO SECO,JALPAN
168,2023,45,9,25,0.00,629061.00,0.00,1327978.21,1957039.21,C:\Users\vparsar\Desktop\ENTREGA CHUCHO\ENTREGA CHUCHO\00000 PROYECTOS\Tarjetas Municipales Srio\Eventos  _ESTATAL_\2025 1112 ESTATAL_u2_ actualizar.xlsx,Dinamismo2023Estatal,2026-07-30 20:05:33.097295+00,DINAMISMO AGROALIMENTARIO,,JALPAN DE SERRA,JALPAN
136,2023,42,9,226,0.00,1997806.00,1997806.00,2358202.00,6353814.00,C:\Users\vparsar\Desktop\ENTREGA CHUCHO\ENTREGA CHUCHO\00000 PROYECTOS\Tarjetas Municipales Srio\Eventos  _ESTATAL_\2025 1112 ESTATAL_u2_ actualizar.xlsx,Municipalizado23Estatal,2026-07-30 20:05:33.097295+00,MUNICIPALIZADO,,JALPAN DE SERRA,JALPAN
178,2024,45,9,79,0.00,2284920.00,0.00,2597109.01,4882029.01,C:\Users\vparsar\Desktop\ENTREGA CHUCHO\ENTREGA CHUCHO\00000 PROYECTOS\Tarjetas Municipales Srio\Eventos  _ESTATAL_\2025 1112 ESTATAL_u2_ actualizar.xlsx,Dinamismo2024Estatal,2026-07-30 20:05:33.097295+00,DINAMISMO AGROALIMENTARIO,,JALPAN DE SERRA,JALPAN
150,2024,42,9,245,0.00,1500000.00,1500000.00,1545455.00,4545455.00,C:\Users\vparsar\Desktop\ENTREGA CHUCHO\ENTREGA CHUCHO\00000 PROYECTOS\Tarjetas Municipales Srio\Eventos  _ESTATAL_\2025 1112 ESTATAL_u2_ actualizar.xlsx,Municipalizado24Estatal_,2026-07-30 20:05:33.097295+00,MUNICIPALIZADO,,JALPAN DE SERRA,JALPAN
2,2025,37,9,7,0.00,46446.40,0.00,0.00,46446.40,C:\Users\vparsar\Desktop\ENTREGA CHUCHO\ENTREGA CHUCHO\00000 PROYECTOS\Tarjetas Municipales Srio\Eventos  _ESTATAL_\2025 1112 ESTATAL_u2_ actualizar.xlsx,Acuícolas,2026-07-30 20:05:33.097295+00,ACUÍCOLAS,,JALPAN DE SERRA,JALPAN
6,2025,38,9,17,0.00,94810.50,0.00,0.00,94810.50,C:\Users\vparsar\Desktop\ENTREGA CHUCHO\ENTREGA CHUCHO\00000 PROYECTOS\Tarjetas Municipales Srio\Eventos  _ESTATAL_\2025 1112 ESTATAL_u2_ actualizar.xlsx,Apícolas Azúcar,2026-07-30 20:05:33.097295+00,APÍCOLAS,,JALPAN DE SERRA,JALPAN
32,2025,39,9,95,0.00,420750.00,0.00,0.00,420750.00,C:\Users\vparsar\Desktop\ENTREGA CHUCHO\ENTREGA CHUCHO\00000 PROYECTOS\Tarjetas Municipales Srio\Eventos  _ESTATAL_\2025 1112 ESTATAL_u2_ actualizar.xlsx,"Avena, Garbanzo 2025",2026-07-30 20:05:33.097295+00,AVENA Y GARBANZO,,JALPAN DE SERRA,JALPAN
90,2025,43,9,4,0.00,2463333.00,0.00,1060000.00,3523333.00,C:\Users\vparsar\Desktop\ENTREGA CHUCHO\ENTREGA CHUCHO\00000 PROYECTOS\Tarjetas Municipales Srio\Eventos  _ESTATAL_\2025 1112 ESTATAL_u2_ actualizar.xlsx,Bordería2025Estatal,2026-07-30 20:05:33.097295+00,BORDERÍA,,JALPAN DE SERRA,JALPAN
115,2025,45,9,70,0.00,2734650.00,0.00,4375719.60,7110369.60,C:\Users\vparsar\Desktop\ENTREGA CHUCHO\ENTREGA CHUCHO\00000 PROYECTOS\Tarjetas Municipales Srio\Eventos  _ESTATAL_\2025 1112 ESTATAL_u2_ actualizar.xlsx,Dinamismo2025Estatal,2026-07-30 20:05:33.097295+00,DINAMISMO AGROALIMENTARIO,,JALPAN DE SERRA,JALPAN
69,2025,41,9,625,0.00,1422160.00,0.00,0.00,1422160.00,C:\Users\vparsar\Desktop\ENTREGA CHUCHO\ENTREGA CHUCHO\00000 PROYECTOS\Tarjetas Municipales Srio\Eventos  _ESTATAL_\2025 1112 ESTATAL_u2_ actualizar.xlsx,Maíz Blanco2025Estatal,2026-07-30 20:05:33.097295+00,MAÍZ BLANCO,,JALPAN DE SERRA,JALPAN
80,2025,42,9,291,0.00,2000000.00,2000000.00,2473940.00,6473940.00,C:\Users\vparsar\Desktop\ENTREGA CHUCHO\ENTREGA CHUCHO\00000 PROYECTOS\Tarjetas Municipales Srio\Eventos  _ESTATAL_\2025 1112 ESTATAL_u2_ actualizar.xlsx,Municipalizado2025Estatal,2026-07-30 20:05:33.097295+00,MUNICIPALIZADO,,JALPAN DE SERRA,JALPAN
40,2025,40,9,237,0.00,1005900.00,0.00,0.00,1005900.00,C:\Users\vparsar\Desktop\ENTREGA CHUCHO\ENTREGA CHUCHO\00000 PROYECTOS\Tarjetas Municipales Srio\Eventos  _ESTATAL_\2025 1112 ESTATAL_u2_ actualizar.xlsx,Pacas&Suplementos2025,2026-07-30 20:05:33.097295+00,PACAS Y SUPLEMENTOS,,JALPAN DE SERRA,JALPAN
166,2023,45,10,26,0.00,741577.00,0.00,768767.04,1510344.04,C:\Users\vparsar\Desktop\ENTREGA CHUCHO\ENTREGA CHUCHO\00000 PROYECTOS\Tarjetas Municipales Srio\Eventos  _ESTATAL_\2025 1112 ESTATAL_u2_ actualizar.xlsx,Dinamismo2023Estatal,2026-07-30 20:05:33.097295+00,DINAMISMO AGROALIMENTARIO,,LANDA DE MATAMOROS,JALPAN
135,2023,42,10,260,0.00,2000000.00,2000000.00,2060607.00,6060607.00,C:\Users\vparsar\Desktop\ENTREGA CHUCHO\ENTREGA CHUCHO\00000 PROYECTOS\Tarjetas Municipales Srio\Eventos  _ESTATAL_\2025 1112 ESTATAL_u2_ actualizar.xlsx,Municipalizado23Estatal,2026-07-30 20:05:33.097295+00,MUNICIPALIZADO,,LANDA DE MATAMOROS,JALPAN
186,2024,45,10,60,0.00,1835012.00,0.00,1754313.03,3589325.03,C:\Users\vparsar\Desktop\ENTREGA CHUCHO\ENTREGA CHUCHO\00000 PROYECTOS\Tarjetas Municipales Srio\Eventos  _ESTATAL_\2025 1112 ESTATAL_u2_ actualizar.xlsx,Dinamismo2024Estatal,2026-07-30 20:05:33.097295+00,DINAMISMO AGROALIMENTARIO,,LANDA DE MATAMOROS,JALPAN
154,2024,42,10,73,0.00,1000000.00,1000000.00,1622221.00,3622221.00,C:\Users\vparsar\Desktop\ENTREGA CHUCHO\ENTREGA CHUCHO\00000 PROYECTOS\Tarjetas Municipales Srio\Eventos  _ESTATAL_\2025 1112 ESTATAL_u2_ actualizar.xlsx,Municipalizado24Estatal_,2026-07-30 20:05:33.097295+00,MUNICIPALIZADO,,LANDA DE MATAMOROS,JALPAN
11,2025,38,10,6,0.00,30433.00,0.00,0.00,30433.00,C:\Users\vparsar\Desktop\ENTREGA CHUCHO\ENTREGA CHUCHO\00000 PROYECTOS\Tarjetas Municipales Srio\Eventos  _ESTATAL_\2025 1112 ESTATAL_u2_ actualizar.xlsx,Apícolas Azúcar,2026-07-30 20:05:33.097295+00,APÍCOLAS,,LANDA DE MATAMOROS,JALPAN
31,2025,39,10,93,0.00,437500.00,0.00,0.00,437500.00,C:\Users\vparsar\Desktop\ENTREGA CHUCHO\ENTREGA CHUCHO\00000 PROYECTOS\Tarjetas Municipales Srio\Eventos  _ESTATAL_\2025 1112 ESTATAL_u2_ actualizar.xlsx,"Avena, Garbanzo 2025",2026-07-30 20:05:33.097295+00,AVENA Y GARBANZO,,LANDA DE MATAMOROS,JALPAN
94,2025,43,10,8,0.00,655107.00,0.00,487318.00,1142425.00,C:\Users\vparsar\Desktop\ENTREGA CHUCHO\ENTREGA CHUCHO\00000 PROYECTOS\Tarjetas Municipales Srio\Eventos  _ESTATAL_\2025 1112 ESTATAL_u2_ actualizar.xlsx,Bordería2025Estatal,2026-07-30 20:05:33.097295+00,BORDERÍA,,LANDA DE MATAMOROS,JALPAN
118,2025,45,10,77,0.00,2300502.00,0.00,2109838.00,4410340.00,C:\Users\vparsar\Desktop\ENTREGA CHUCHO\ENTREGA CHUCHO\00000 PROYECTOS\Tarjetas Municipales Srio\Eventos  _ESTATAL_\2025 1112 ESTATAL_u2_ actualizar.xlsx,Dinamismo2025Estatal,2026-07-30 20:05:33.097295+00,DINAMISMO AGROALIMENTARIO,,LANDA DE MATAMOROS,JALPAN
68,2025,41,10,671,0.00,1486221.00,0.00,0.00,1486221.00,C:\Users\vparsar\Desktop\ENTREGA CHUCHO\ENTREGA CHUCHO\00000 PROYECTOS\Tarjetas Municipales Srio\Eventos  _ESTATAL_\2025 1112 ESTATAL_u2_ actualizar.xlsx,Maíz Blanco2025Estatal,2026-07-30 20:05:33.097295+00,MAÍZ BLANCO,,LANDA DE MATAMOROS,JALPAN
79,2025,42,10,270,0.00,4000000.00,4000000.00,5322792.00,13322792.00,C:\Users\vparsar\Desktop\ENTREGA CHUCHO\ENTREGA CHUCHO\00000 PROYECTOS\Tarjetas Municipales Srio\Eventos  _ESTATAL_\2025 1112 ESTATAL_u2_ actualizar.xlsx,Municipalizado2025Estatal,2026-07-30 20:05:33.097295+00,MUNICIPALIZADO,,LANDA DE MATAMOROS,JALPAN
39,2025,40,10,297,0.00,1280552.00,0.00,0.00,1280552.00,C:\Users\vparsar\Desktop\ENTREGA CHUCHO\ENTREGA CHUCHO\00000 PROYECTOS\Tarjetas Municipales Srio\Eventos  _ESTATAL_\2025 1112 ESTATAL_u2_ actualizar.xlsx,Pacas&Suplementos2025,2026-07-30 20:05:33.097295+00,PACAS Y SUPLEMENTOS,,LANDA DE MATAMOROS,JALPAN
163,2023,45,13,38,0.00,1109620.00,0.00,814580.00,1924200.00,C:\Users\vparsar\Desktop\ENTREGA CHUCHO\ENTREGA CHUCHO\00000 PROYECTOS\Tarjetas Municipales Srio\Eventos  _ESTATAL_\2025 1112 ESTATAL_u2_ actualizar.xlsx,Dinamismo2023Estatal,2026-07-30 20:05:33.097295+00,DINAMISMO AGROALIMENTARIO,,PINAL DE AMOLES,JALPAN
140,2023,42,13,344,0.00,1500000.00,1500000.00,1546059.00,4546059.00,C:\Users\vparsar\Desktop\ENTREGA CHUCHO\ENTREGA CHUCHO\00000 PROYECTOS\Tarjetas Municipales Srio\Eventos  _ESTATAL_\2025 1112 ESTATAL_u2_ actualizar.xlsx,Municipalizado23Estatal,2026-07-30 20:05:33.097295+00,MUNICIPALIZADO,,PINAL DE AMOLES,JALPAN
187,2024,45,13,80,0.00,1721275.00,0.00,1253353.41,2974628.41,C:\Users\vparsar\Desktop\ENTREGA CHUCHO\ENTREGA CHUCHO\00000 PROYECTOS\Tarjetas Municipales Srio\Eventos  _ESTATAL_\2025 1112 ESTATAL_u2_ actualizar.xlsx,Dinamismo2024Estatal,2026-07-30 20:05:33.097295+00,DINAMISMO AGROALIMENTARIO,,PINAL DE AMOLES,JALPAN
151,2024,42,13,319,0.00,1500000.00,1500000.00,1685058.00,4685058.00,C:\Users\vparsar\Desktop\ENTREGA CHUCHO\ENTREGA CHUCHO\00000 PROYECTOS\Tarjetas Municipales Srio\Eventos  _ESTATAL_\2025 1112 ESTATAL_u2_ actualizar.xlsx,Municipalizado24Estatal_,2026-07-30 20:05:33.097295+00,MUNICIPALIZADO,,PINAL DE AMOLES,JALPAN
3,2025,37,13,1,0.00,6635.20,0.00,0.00,6635.20,C:\Users\vparsar\Desktop\ENTREGA CHUCHO\ENTREGA CHUCHO\00000 PROYECTOS\Tarjetas Municipales Srio\Eventos  _ESTATAL_\2025 1112 ESTATAL_u2_ actualizar.xlsx,Acuícolas,2026-07-30 20:05:33.097295+00,ACUÍCOLAS,,PINAL DE AMOLES,JALPAN
14,2025,38,13,4,0.00,19898.50,0.00,0.00,19898.50,C:\Users\vparsar\Desktop\ENTREGA CHUCHO\ENTREGA CHUCHO\00000 PROYECTOS\Tarjetas Municipales Srio\Eventos  _ESTATAL_\2025 1112 ESTATAL_u2_ actualizar.xlsx,Apícolas Azúcar,2026-07-30 20:05:33.097295+00,APÍCOLAS,,PINAL DE AMOLES,JALPAN
34,2025,39,13,55,0.00,232550.00,0.00,0.00,232550.00,C:\Users\vparsar\Desktop\ENTREGA CHUCHO\ENTREGA CHUCHO\00000 PROYECTOS\Tarjetas Municipales Srio\Eventos  _ESTATAL_\2025 1112 ESTATAL_u2_ actualizar.xlsx,"Avena, Garbanzo 2025",2026-07-30 20:05:33.097295+00,AVENA Y GARBANZO,,PINAL DE AMOLES,JALPAN
121,2025,45,13,86,0.00,1709727.00,0.00,1322773.00,3032500.00,C:\Users\vparsar\Desktop\ENTREGA CHUCHO\ENTREGA CHUCHO\00000 PROYECTOS\Tarjetas Municipales Srio\Eventos  _ESTATAL_\2025 1112 ESTATAL_u2_ actualizar.xlsx,Dinamismo2025Estatal,2026-07-30 20:05:33.097295+00,DINAMISMO AGROALIMENTARIO,,PINAL DE AMOLES,JALPAN
63,2025,41,13,1047,0.00,2568856.00,0.00,0.00,2568856.00,C:\Users\vparsar\Desktop\ENTREGA CHUCHO\ENTREGA CHUCHO\00000 PROYECTOS\Tarjetas Municipales Srio\Eventos  _ESTATAL_\2025 1112 ESTATAL_u2_ actualizar.xlsx,Maíz Blanco2025Estatal,2026-07-30 20:05:33.097295+00,MAÍZ BLANCO,,PINAL DE AMOLES,JALPAN
83,2025,42,13,288,0.00,1500000.00,1500000.00,1545455.00,4545455.00,C:\Users\vparsar\Desktop\ENTREGA CHUCHO\ENTREGA CHUCHO\00000 PROYECTOS\Tarjetas Municipales Srio\Eventos  _ESTATAL_\2025 1112 ESTATAL_u2_ actualizar.xlsx,Municipalizado2025Estatal,2026-07-30 20:05:33.097295+00,MUNICIPALIZADO,,PINAL DE AMOLES,JALPAN
47,2025,40,13,122,0.00,510720.00,0.00,0.00,510720.00,C:\Users\vparsar\Desktop\ENTREGA CHUCHO\ENTREGA CHUCHO\00000 PROYECTOS\Tarjetas Municipales Srio\Eventos  _ESTATAL_\2025 1112 ESTATAL_u2_ actualizar.xlsx,Pacas&Suplementos2025,2026-07-30 20:05:33.097295+00,PACAS Y SUPLEMENTOS,,PINAL DE AMOLES,JALPAN
169,2023,45,5,9,0.00,625630.00,0.00,1115470.00,1741100.00,C:\Users\vparsar\Desktop\ENTREGA CHUCHO\ENTREGA CHUCHO\00000 PROYECTOS\Tarjetas Municipales Srio\Eventos  _ESTATAL_\2025 1112 ESTATAL_u2_ actualizar.xlsx,Dinamismo2023Estatal,2026-07-30 20:05:33.097295+00,DINAMISMO AGROALIMENTARIO,,CORREGIDORA,QUERÉTARO
137,2023,42,5,534,0.00,1975108.00,1975108.00,2287301.00,6237517.00,C:\Users\vparsar\Desktop\ENTREGA CHUCHO\ENTREGA CHUCHO\00000 PROYECTOS\Tarjetas Municipales Srio\Eventos  _ESTATAL_\2025 1112 ESTATAL_u2_ actualizar.xlsx,Municipalizado23Estatal,2026-07-30 20:05:33.097295+00,MUNICIPALIZADO,,CORREGIDORA,QUERÉTARO
184,2024,45,5,74,0.00,1927160.00,0.00,3331544.80,5258704.80,C:\Users\vparsar\Desktop\ENTREGA CHUCHO\ENTREGA CHUCHO\00000 PROYECTOS\Tarjetas Municipales Srio\Eventos  _ESTATAL_\2025 1112 ESTATAL_u2_ actualizar.xlsx,Dinamismo2024Estatal,2026-07-30 20:05:33.097295+00,DINAMISMO AGROALIMENTARIO,,CORREGIDORA,QUERÉTARO
12,2025,38,5,4,0.00,25751.00,0.00,0.00,25751.00,C:\Users\vparsar\Desktop\ENTREGA CHUCHO\ENTREGA CHUCHO\00000 PROYECTOS\Tarjetas Municipales Srio\Eventos  _ESTATAL_\2025 1112 ESTATAL_u2_ actualizar.xlsx,Apícolas Azúcar,2026-07-30 20:05:33.097295+00,APÍCOLAS,,CORREGIDORA,QUERÉTARO
23,2025,39,5,219,0.00,985725.00,0.00,0.00,985725.00,C:\Users\vparsar\Desktop\ENTREGA CHUCHO\ENTREGA CHUCHO\00000 PROYECTOS\Tarjetas Municipales Srio\Eventos  _ESTATAL_\2025 1112 ESTATAL_u2_ actualizar.xlsx,"Avena, Garbanzo 2025",2026-07-30 20:05:33.097295+00,AVENA Y GARBANZO,,CORREGIDORA,QUERÉTARO
126,2025,45,5,23,0.00,883635.00,0.00,1371574.98,2255209.98,C:\Users\vparsar\Desktop\ENTREGA CHUCHO\ENTREGA CHUCHO\00000 PROYECTOS\Tarjetas Municipales Srio\Eventos  _ESTATAL_\2025 1112 ESTATAL_u2_ actualizar.xlsx,Dinamismo2025Estatal,2026-07-30 20:05:33.097295+00,DINAMISMO AGROALIMENTARIO,,CORREGIDORA,QUERÉTARO
64,2025,41,5,654,0.00,2183207.00,0.00,0.00,2183207.00,C:\Users\vparsar\Desktop\ENTREGA CHUCHO\ENTREGA CHUCHO\00000 PROYECTOS\Tarjetas Municipales Srio\Eventos  _ESTATAL_\2025 1112 ESTATAL_u2_ actualizar.xlsx,Maíz Blanco2025Estatal,2026-07-30 20:05:33.097295+00,MAÍZ BLANCO,,CORREGIDORA,QUERÉTARO
81,2025,42,5,549,0.00,2000000.00,2000000.00,2160794.00,6160794.00,C:\Users\vparsar\Desktop\ENTREGA CHUCHO\ENTREGA CHUCHO\00000 PROYECTOS\Tarjetas Municipales Srio\Eventos  _ESTATAL_\2025 1112 ESTATAL_u2_ actualizar.xlsx,Municipalizado2025Estatal,2026-07-30 20:05:33.097295+00,MUNICIPALIZADO,,CORREGIDORA,QUERÉTARO
54,2025,40,5,56,0.00,18816.00,0.00,0.00,18816.00,C:\Users\vparsar\Desktop\ENTREGA CHUCHO\ENTREGA CHUCHO\00000 PROYECTOS\Tarjetas Municipales Srio\Eventos  _ESTATAL_\2025 1112 ESTATAL_u2_ actualizar.xlsx,Pacas&Suplementos2025,2026-07-30 20:05:33.097295+00,PACAS Y SUPLEMENTOS,,CORREGIDORA,QUERÉTARO
160,2023,45,6,31,0.00,1444050.00,0.00,2789614.69,4233664.69,C:\Users\vparsar\Desktop\ENTREGA CHUCHO\ENTREGA CHUCHO\00000 PROYECTOS\Tarjetas Municipales Srio\Eventos  _ESTATAL_\2025 1112 ESTATAL_u2_ actualizar.xlsx,Dinamismo2023Estatal,2026-07-30 20:05:33.097295+00,DINAMISMO AGROALIMENTARIO,,EL MARQUÉS,QUERÉTARO
134,2023,42,6,51,0.00,2000000.00,2000000.00,5110851.00,9110851.00,C:\Users\vparsar\Desktop\ENTREGA CHUCHO\ENTREGA CHUCHO\00000 PROYECTOS\Tarjetas Municipales Srio\Eventos  _ESTATAL_\2025 1112 ESTATAL_u2_ actualizar.xlsx,Municipalizado23Estatal,2026-07-30 20:05:33.097295+00,MUNICIPALIZADO,,EL MARQUÉS,QUERÉTARO
185,2024,45,6,60,0.00,1888487.00,0.00,1942597.33,3831084.33,C:\Users\vparsar\Desktop\ENTREGA CHUCHO\ENTREGA CHUCHO\00000 PROYECTOS\Tarjetas Municipales Srio\Eventos  _ESTATAL_\2025 1112 ESTATAL_u2_ actualizar.xlsx,Dinamismo2024Estatal,2026-07-30 20:05:33.097295+00,DINAMISMO AGROALIMENTARIO,,EL MARQUÉS,QUERÉTARO
7,2025,38,6,14,0.00,86617.00,0.00,0.00,86617.00,C:\Users\vparsar\Desktop\ENTREGA CHUCHO\ENTREGA CHUCHO\00000 PROYECTOS\Tarjetas Municipales Srio\Eventos  _ESTATAL_\2025 1112 ESTATAL_u2_ actualizar.xlsx,Apícolas Azúcar,2026-07-30 20:05:33.097295+00,APÍCOLAS,,EL MARQUÉS,QUERÉTARO
22,2025,39,6,195,0.00,1033825.00,0.00,0.00,1033825.00,C:\Users\vparsar\Desktop\ENTREGA CHUCHO\ENTREGA CHUCHO\00000 PROYECTOS\Tarjetas Municipales Srio\Eventos  _ESTATAL_\2025 1112 ESTATAL_u2_ actualizar.xlsx,"Avena, Garbanzo 2025",2026-07-30 20:05:33.097295+00,AVENA Y GARBANZO,,EL MARQUÉS,QUERÉTARO
96,2025,43,6,6,0.00,456686.00,0.00,513475.45,970161.45,C:\Users\vparsar\Desktop\ENTREGA CHUCHO\ENTREGA CHUCHO\00000 PROYECTOS\Tarjetas Municipales Srio\Eventos  _ESTATAL_\2025 1112 ESTATAL_u2_ actualizar.xlsx,Bordería2025Estatal,2026-07-30 20:05:33.097295+00,BORDERÍA,,EL MARQUÉS,QUERÉTARO
122,2025,45,6,38,0.00,1707900.00,0.00,2937965.61,4645865.61,C:\Users\vparsar\Desktop\ENTREGA CHUCHO\ENTREGA CHUCHO\00000 PROYECTOS\Tarjetas Municipales Srio\Eventos  _ESTATAL_\2025 1112 ESTATAL_u2_ actualizar.xlsx,Dinamismo2025Estatal,2026-07-30 20:05:33.097295+00,DINAMISMO AGROALIMENTARIO,,EL MARQUÉS,QUERÉTARO
58,2025,41,6,1427,0.00,4504787.00,0.00,0.00,4504787.00,C:\Users\vparsar\Desktop\ENTREGA CHUCHO\ENTREGA CHUCHO\00000 PROYECTOS\Tarjetas Municipales Srio\Eventos  _ESTATAL_\2025 1112 ESTATAL_u2_ actualizar.xlsx,Maíz Blanco2025Estatal,2026-07-30 20:05:33.097295+00,MAÍZ BLANCO,,EL MARQUÉS,QUERÉTARO
42,2025,40,6,198,0.00,815304.00,0.00,0.00,815304.00,C:\Users\vparsar\Desktop\ENTREGA CHUCHO\ENTREGA CHUCHO\00000 PROYECTOS\Tarjetas Municipales Srio\Eventos  _ESTATAL_\2025 1112 ESTATAL_u2_ actualizar.xlsx,Pacas&Suplementos2025,2026-07-30 20:05:33.097295+00,PACAS Y SUPLEMENTOS,,EL MARQUÉS,QUERÉTARO
105,2025,44,6,1,0.00,573017.00,0.00,382012.16,955029.16,C:\Users\vparsar\Desktop\ENTREGA CHUCHO\ENTREGA CHUCHO\00000 PROYECTOS\Tarjetas Municipales Srio\Eventos  _ESTATAL_\2025 1112 ESTATAL_u2_ actualizar.xlsx,Tecnificación2025Estatal,2026-07-30 20:05:33.097295+00,TECNIFICACIÓN,,EL MARQUÉS,QUERÉTARO
162,2023,45,8,28,0.00,1310717.00,0.00,3678092.51,4988809.51,C:\Users\vparsar\Desktop\ENTREGA CHUCHO\ENTREGA CHUCHO\00000 PROYECTOS\Tarjetas Municipales Srio\Eventos  _ESTATAL_\2025 1112 ESTATAL_u2_ actualizar.xlsx,Dinamismo2023Estatal,2026-07-30 20:05:33.097295+00,DINAMISMO AGROALIMENTARIO,,HUIMILPAN,QUERÉTARO
139,2023,42,8,149,0.00,1828956.00,1828956.00,2689999.00,6347911.00,C:\Users\vparsar\Desktop\ENTREGA CHUCHO\ENTREGA CHUCHO\00000 PROYECTOS\Tarjetas Municipales Srio\Eventos  _ESTATAL_\2025 1112 ESTATAL_u2_ actualizar.xlsx,Municipalizado23Estatal,2026-07-30 20:05:33.097295+00,MUNICIPALIZADO,,HUIMILPAN,QUERÉTARO
180,2024,45,8,73,0.00,2207253.00,0.00,2981407.58,5188660.58,C:\Users\vparsar\Desktop\ENTREGA CHUCHO\ENTREGA CHUCHO\00000 PROYECTOS\Tarjetas Municipales Srio\Eventos  _ESTATAL_\2025 1112 ESTATAL_u2_ actualizar.xlsx,Dinamismo2024Estatal,2026-07-30 20:05:33.097295+00,DINAMISMO AGROALIMENTARIO,,HUIMILPAN,QUERÉTARO
153,2024,42,8,87,0.00,1000000.00,1000000.00,1906686.86,3906686.86,C:\Users\vparsar\Desktop\ENTREGA CHUCHO\ENTREGA CHUCHO\00000 PROYECTOS\Tarjetas Municipales Srio\Eventos  _ESTATAL_\2025 1112 ESTATAL_u2_ actualizar.xlsx,Municipalizado24Estatal_,2026-07-30 20:05:33.097295+00,MUNICIPALIZADO,,HUIMILPAN,QUERÉTARO
10,2025,38,8,7,0.00,40967.50,0.00,0.00,40967.50,C:\Users\vparsar\Desktop\ENTREGA CHUCHO\ENTREGA CHUCHO\00000 PROYECTOS\Tarjetas Municipales Srio\Eventos  _ESTATAL_\2025 1112 ESTATAL_u2_ actualizar.xlsx,Apícolas Azúcar,2026-07-30 20:05:33.097295+00,APÍCOLAS,,HUIMILPAN,QUERÉTARO
30,2025,39,8,168,0.00,441450.00,0.00,0.00,441450.00,C:\Users\vparsar\Desktop\ENTREGA CHUCHO\ENTREGA CHUCHO\00000 PROYECTOS\Tarjetas Municipales Srio\Eventos  _ESTATAL_\2025 1112 ESTATAL_u2_ actualizar.xlsx,"Avena, Garbanzo 2025",2026-07-30 20:05:33.097295+00,AVENA Y GARBANZO,,HUIMILPAN,QUERÉTARO
117,2025,45,8,97,0.00,2362288.00,0.00,2071121.13,4433409.13,C:\Users\vparsar\Desktop\ENTREGA CHUCHO\ENTREGA CHUCHO\00000 PROYECTOS\Tarjetas Municipales Srio\Eventos  _ESTATAL_\2025 1112 ESTATAL_u2_ actualizar.xlsx,Dinamismo2025Estatal,2026-07-30 20:05:33.097295+00,DINAMISMO AGROALIMENTARIO,,HUIMILPAN,QUERÉTARO
61,2025,41,8,932,0.00,2661104.00,0.00,0.00,2661104.00,C:\Users\vparsar\Desktop\ENTREGA CHUCHO\ENTREGA CHUCHO\00000 PROYECTOS\Tarjetas Municipales Srio\Eventos  _ESTATAL_\2025 1112 ESTATAL_u2_ actualizar.xlsx,Maíz Blanco2025Estatal,2026-07-30 20:05:33.097295+00,MAÍZ BLANCO,,HUIMILPAN,QUERÉTARO
82,2025,42,8,75,0.00,1000000.00,1000000.00,1840960.00,3840960.00,C:\Users\vparsar\Desktop\ENTREGA CHUCHO\ENTREGA CHUCHO\00000 PROYECTOS\Tarjetas Municipales Srio\Eventos  _ESTATAL_\2025 1112 ESTATAL_u2_ actualizar.xlsx,Municipalizado2025Estatal,2026-07-30 20:05:33.097295+00,MUNICIPALIZADO,,HUIMILPAN,QUERÉTARO
51,2025,40,8,36,0.00,153104.00,0.00,0.00,153104.00,C:\Users\vparsar\Desktop\ENTREGA CHUCHO\ENTREGA CHUCHO\00000 PROYECTOS\Tarjetas Municipales Srio\Eventos  _ESTATAL_\2025 1112 ESTATAL_u2_ actualizar.xlsx,Pacas&Suplementos2025,2026-07-30 20:05:33.097295+00,PACAS Y SUPLEMENTOS,,HUIMILPAN,QUERÉTARO
165,2023,45,14,23,0.00,773615.00,0.00,1335875.74,2109490.74,C:\Users\vparsar\Desktop\ENTREGA CHUCHO\ENTREGA CHUCHO\00000 PROYECTOS\Tarjetas Municipales Srio\Eventos  _ESTATAL_\2025 1112 ESTATAL_u2_ actualizar.xlsx,Dinamismo2023Estatal,2026-07-30 20:05:33.097295+00,DINAMISMO AGROALIMENTARIO,,QUERÉTARO,QUERÉTARO
133,2023,42,14,1175,0.00,2517000.00,2517000.00,2718636.00,7752636.00,C:\Users\vparsar\Desktop\ENTREGA CHUCHO\ENTREGA CHUCHO\00000 PROYECTOS\Tarjetas Municipales Srio\Eventos  _ESTATAL_\2025 1112 ESTATAL_u2_ actualizar.xlsx,Municipalizado23Estatal,2026-07-30 20:05:33.097295+00,MUNICIPALIZADO,,QUERÉTARO,QUERÉTARO
183,2024,45,14,91,0.00,2054804.00,0.00,2012237.57,4067041.57,C:\Users\vparsar\Desktop\ENTREGA CHUCHO\ENTREGA CHUCHO\00000 PROYECTOS\Tarjetas Municipales Srio\Eventos  _ESTATAL_\2025 1112 ESTATAL_u2_ actualizar.xlsx,Dinamismo2024Estatal,2026-07-30 20:05:33.097295+00,DINAMISMO AGROALIMENTARIO,,QUERÉTARO,QUERÉTARO
5,2025,38,14,21,0.00,124073.00,0.00,0.00,124073.00,C:\Users\vparsar\Desktop\ENTREGA CHUCHO\ENTREGA CHUCHO\00000 PROYECTOS\Tarjetas Municipales Srio\Eventos  _ESTATAL_\2025 1112 ESTATAL_u2_ actualizar.xlsx,Apícolas Azúcar,2026-07-30 20:05:33.097295+00,APÍCOLAS,,QUERÉTARO,QUERÉTARO
26,2025,39,14,234,0.00,677525.00,0.00,0.00,677525.00,C:\Users\vparsar\Desktop\ENTREGA CHUCHO\ENTREGA CHUCHO\00000 PROYECTOS\Tarjetas Municipales Srio\Eventos  _ESTATAL_\2025 1112 ESTATAL_u2_ actualizar.xlsx,"Avena, Garbanzo 2025",2026-07-30 20:05:33.097295+00,AVENA Y GARBANZO,,QUERÉTARO,QUERÉTARO
98,2025,43,14,6,0.00,344373.00,0.00,190353.75,534726.75,C:\Users\vparsar\Desktop\ENTREGA CHUCHO\ENTREGA CHUCHO\00000 PROYECTOS\Tarjetas Municipales Srio\Eventos  _ESTATAL_\2025 1112 ESTATAL_u2_ actualizar.xlsx,Bordería2025Estatal,2026-07-30 20:05:33.097295+00,BORDERÍA,,QUERÉTARO,QUERÉTARO
124,2025,45,14,45,0.00,1343518.00,0.00,1430641.10,2774159.10,C:\Users\vparsar\Desktop\ENTREGA CHUCHO\ENTREGA CHUCHO\00000 PROYECTOS\Tarjetas Municipales Srio\Eventos  _ESTATAL_\2025 1112 ESTATAL_u2_ actualizar.xlsx,Dinamismo2025Estatal,2026-07-30 20:05:33.097295+00,DINAMISMO AGROALIMENTARIO,,QUERÉTARO,QUERÉTARO
59,2025,41,14,1391,0.00,3950871.42,0.00,0.00,3950871.42,C:\Users\vparsar\Desktop\ENTREGA CHUCHO\ENTREGA CHUCHO\00000 PROYECTOS\Tarjetas Municipales Srio\Eventos  _ESTATAL_\2025 1112 ESTATAL_u2_ actualizar.xlsx,Maíz Blanco2025Estatal,2026-07-30 20:05:33.097295+00,MAÍZ BLANCO,,QUERÉTARO,QUERÉTARO
78,2025,42,14,1050,0.00,3000000.00,3000000.00,9206662.64,15206662.64,C:\Users\vparsar\Desktop\ENTREGA CHUCHO\ENTREGA CHUCHO\00000 PROYECTOS\Tarjetas Municipales Srio\Eventos  _ESTATAL_\2025 1112 ESTATAL_u2_ actualizar.xlsx,Municipalizado2025Estatal,2026-07-30 20:05:33.097295+00,MUNICIPALIZADO,,QUERÉTARO,QUERÉTARO
52,2025,40,14,53,0.00,109704.00,0.00,0.00,109704.00,C:\Users\vparsar\Desktop\ENTREGA CHUCHO\ENTREGA CHUCHO\00000 PROYECTOS\Tarjetas Municipales Srio\Eventos  _ESTATAL_\2025 1112 ESTATAL_u2_ actualizar.xlsx,Pacas&Suplementos2025,2026-07-30 20:05:33.097295+00,PACAS Y SUPLEMENTOS,,QUERÉTARO,QUERÉTARO
108,2025,44,14,2,0.00,63044.00,0.00,63045.00,126089.00,C:\Users\vparsar\Desktop\ENTREGA CHUCHO\ENTREGA CHUCHO\00000 PROYECTOS\Tarjetas Municipales Srio\Eventos  _ESTATAL_\2025 1112 ESTATAL_u2_ actualizar.xlsx,Tecnificación2025Estatal,2026-07-30 20:05:33.097295+00,TECNIFICACIÓN,,QUERÉTARO,QUERÉTARO
156,2023,45,1,228,0.00,7145343.00,0.00,11409405.27,18554748.27,C:\Users\vparsar\Desktop\ENTREGA CHUCHO\ENTREGA CHUCHO\00000 PROYECTOS\Tarjetas Municipales Srio\Eventos  _ESTATAL_\2025 1112 ESTATAL_u2_ actualizar.xlsx,Dinamismo2023Estatal,2026-07-30 20:05:33.097295+00,DINAMISMO AGROALIMENTARIO,,AMEALCO DE BONFIL,SAN JUAN DEL RÍO
142,2023,42,1,214,0.00,1000000.00,1000000.00,1046929.00,3046929.00,C:\Users\vparsar\Desktop\ENTREGA CHUCHO\ENTREGA CHUCHO\00000 PROYECTOS\Tarjetas Municipales Srio\Eventos  _ESTATAL_\2025 1112 ESTATAL_u2_ actualizar.xlsx,Municipalizado23Estatal,2026-07-30 20:05:33.097295+00,MUNICIPALIZADO,,AMEALCO DE BONFIL,SAN JUAN DEL RÍO
174,2024,45,1,614,0.00,17017390.00,0.00,28817166.56,45834556.56,C:\Users\vparsar\Desktop\ENTREGA CHUCHO\ENTREGA CHUCHO\00000 PROYECTOS\Tarjetas Municipales Srio\Eventos  _ESTATAL_\2025 1112 ESTATAL_u2_ actualizar.xlsx,Dinamismo2024Estatal,2026-07-30 20:05:33.097295+00,DINAMISMO AGROALIMENTARIO,,AMEALCO DE BONFIL,SAN JUAN DEL RÍO
152,2024,42,1,103,0.00,1000000.00,1000000.00,1263044.73,3263044.73,C:\Users\vparsar\Desktop\ENTREGA CHUCHO\ENTREGA CHUCHO\00000 PROYECTOS\Tarjetas Municipales Srio\Eventos  _ESTATAL_\2025 1112 ESTATAL_u2_ actualizar.xlsx,Municipalizado24Estatal_,2026-07-30 20:05:33.097295+00,MUNICIPALIZADO,,AMEALCO DE BONFIL,SAN JUAN DEL RÍO
17,2025,38,1,2,0.00,11705.00,0.00,0.00,11705.00,C:\Users\vparsar\Desktop\ENTREGA CHUCHO\ENTREGA CHUCHO\00000 PROYECTOS\Tarjetas Municipales Srio\Eventos  _ESTATAL_\2025 1112 ESTATAL_u2_ actualizar.xlsx,Apícolas Azúcar,2026-07-30 20:05:33.097295+00,APÍCOLAS,,AMEALCO DE BONFIL,SAN JUAN DEL RÍO
20,2025,39,1,727,0.00,2835000.00,0.00,0.00,2835000.00,C:\Users\vparsar\Desktop\ENTREGA CHUCHO\ENTREGA CHUCHO\00000 PROYECTOS\Tarjetas Municipales Srio\Eventos  _ESTATAL_\2025 1112 ESTATAL_u2_ actualizar.xlsx,"Avena, Garbanzo 2025",2026-07-30 20:05:33.097295+00,AVENA Y GARBANZO,,AMEALCO DE BONFIL,SAN JUAN DEL RÍO
89,2025,43,1,36,0.00,2478897.00,0.00,1818554.16,4297451.16,C:\Users\vparsar\Desktop\ENTREGA CHUCHO\ENTREGA CHUCHO\00000 PROYECTOS\Tarjetas Municipales Srio\Eventos  _ESTATAL_\2025 1112 ESTATAL_u2_ actualizar.xlsx,Bordería2025Estatal,2026-07-30 20:05:33.097295+00,BORDERÍA,,AMEALCO DE BONFIL,SAN JUAN DEL RÍO
111,2025,45,1,607,0.00,15493592.00,0.00,18386843.41,33880435.41,C:\Users\vparsar\Desktop\ENTREGA CHUCHO\ENTREGA CHUCHO\00000 PROYECTOS\Tarjetas Municipales Srio\Eventos  _ESTATAL_\2025 1112 ESTATAL_u2_ actualizar.xlsx,Dinamismo2025Estatal,2026-07-30 20:05:33.097295+00,DINAMISMO AGROALIMENTARIO,,AMEALCO DE BONFIL,SAN JUAN DEL RÍO
56,2025,41,1,5180,0.00,8522709.00,0.00,0.00,8522709.00,C:\Users\vparsar\Desktop\ENTREGA CHUCHO\ENTREGA CHUCHO\00000 PROYECTOS\Tarjetas Municipales Srio\Eventos  _ESTATAL_\2025 1112 ESTATAL_u2_ actualizar.xlsx,Maíz Blanco2025Estatal,2026-07-30 20:05:33.097295+00,MAÍZ BLANCO,,AMEALCO DE BONFIL,SAN JUAN DEL RÍO
55,2025,40,1,1,0.00,2856.00,0.00,0.00,2856.00,C:\Users\vparsar\Desktop\ENTREGA CHUCHO\ENTREGA CHUCHO\00000 PROYECTOS\Tarjetas Municipales Srio\Eventos  _ESTATAL_\2025 1112 ESTATAL_u2_ actualizar.xlsx,Pacas&Suplementos2025,2026-07-30 20:05:33.097295+00,PACAS Y SUPLEMENTOS,,AMEALCO DE BONFIL,SAN JUAN DEL RÍO
103,2025,44,1,1,0.00,31301.00,0.00,13415.86,44716.86,C:\Users\vparsar\Desktop\ENTREGA CHUCHO\ENTREGA CHUCHO\00000 PROYECTOS\Tarjetas Municipales Srio\Eventos  _ESTATAL_\2025 1112 ESTATAL_u2_ actualizar.xlsx,Tecnificación2025Estatal,2026-07-30 20:05:33.097295+00,TECNIFICACIÓN,,AMEALCO DE BONFIL,SAN JUAN DEL RÍO
157,2023,45,11,36,0.00,2158569.00,0.00,3035275.91,5193844.91,C:\Users\vparsar\Desktop\ENTREGA CHUCHO\ENTREGA CHUCHO\00000 PROYECTOS\Tarjetas Municipales Srio\Eventos  _ESTATAL_\2025 1112 ESTATAL_u2_ actualizar.xlsx,Dinamismo2023Estatal,2026-07-30 20:05:33.097295+00,DINAMISMO AGROALIMENTARIO,,PEDRO ESCOBEDO,SAN JUAN DEL RÍO
131,2023,42,11,117,0.00,3000000.00,3000000.00,5072759.00,11072759.00,C:\Users\vparsar\Desktop\ENTREGA CHUCHO\ENTREGA CHUCHO\00000 PROYECTOS\Tarjetas Municipales Srio\Eventos  _ESTATAL_\2025 1112 ESTATAL_u2_ actualizar.xlsx,Municipalizado23Estatal,2026-07-30 20:05:33.097295+00,MUNICIPALIZADO,,PEDRO ESCOBEDO,SAN JUAN DEL RÍO
176,2024,45,11,159,0.00,5635835.00,0.00,11947959.79,17583794.79,C:\Users\vparsar\Desktop\ENTREGA CHUCHO\ENTREGA CHUCHO\00000 PROYECTOS\Tarjetas Municipales Srio\Eventos  _ESTATAL_\2025 1112 ESTATAL_u2_ actualizar.xlsx,Dinamismo2024Estatal,2026-07-30 20:05:33.097295+00,DINAMISMO AGROALIMENTARIO,,PEDRO ESCOBEDO,SAN JUAN DEL RÍO
15,2025,38,11,3,0.00,18728.00,0.00,0.00,18728.00,C:\Users\vparsar\Desktop\ENTREGA CHUCHO\ENTREGA CHUCHO\00000 PROYECTOS\Tarjetas Municipales Srio\Eventos  _ESTATAL_\2025 1112 ESTATAL_u2_ actualizar.xlsx,Apícolas Azúcar,2026-07-30 20:05:33.097295+00,APÍCOLAS,,PEDRO ESCOBEDO,SAN JUAN DEL RÍO
25,2025,39,11,133,0.00,680400.00,0.00,0.00,680400.00,C:\Users\vparsar\Desktop\ENTREGA CHUCHO\ENTREGA CHUCHO\00000 PROYECTOS\Tarjetas Municipales Srio\Eventos  _ESTATAL_\2025 1112 ESTATAL_u2_ actualizar.xlsx,"Avena, Garbanzo 2025",2026-07-30 20:05:33.097295+00,AVENA Y GARBANZO,,PEDRO ESCOBEDO,SAN JUAN DEL RÍO
101,2025,43,11,2,0.00,160685.00,0.00,93790.00,254475.00,C:\Users\vparsar\Desktop\ENTREGA CHUCHO\ENTREGA CHUCHO\00000 PROYECTOS\Tarjetas Municipales Srio\Eventos  _ESTATAL_\2025 1112 ESTATAL_u2_ actualizar.xlsx,Bordería2025Estatal,2026-07-30 20:05:33.097295+00,BORDERÍA,,PEDRO ESCOBEDO,SAN JUAN DEL RÍO
113,2025,45,11,185,0.00,7103737.00,0.00,17017360.26,24121097.26,C:\Users\vparsar\Desktop\ENTREGA CHUCHO\ENTREGA CHUCHO\00000 PROYECTOS\Tarjetas Municipales Srio\Eventos  _ESTATAL_\2025 1112 ESTATAL_u2_ actualizar.xlsx,Dinamismo2025Estatal,2026-07-30 20:05:33.097295+00,DINAMISMO AGROALIMENTARIO,,PEDRO ESCOBEDO,SAN JUAN DEL RÍO
65,2025,41,11,636,0.00,1705310.00,0.00,0.00,1705310.00,C:\Users\vparsar\Desktop\ENTREGA CHUCHO\ENTREGA CHUCHO\00000 PROYECTOS\Tarjetas Municipales Srio\Eventos  _ESTATAL_\2025 1112 ESTATAL_u2_ actualizar.xlsx,Maíz Blanco2025Estatal,2026-07-30 20:05:33.097295+00,MAÍZ BLANCO,,PEDRO ESCOBEDO,SAN JUAN DEL RÍO
76,2025,42,11,140,0.00,3000000.00,3000000.00,6565328.00,12565328.00,C:\Users\vparsar\Desktop\ENTREGA CHUCHO\ENTREGA CHUCHO\00000 PROYECTOS\Tarjetas Municipales Srio\Eventos  _ESTATAL_\2025 1112 ESTATAL_u2_ actualizar.xlsx,Municipalizado2025Estatal,2026-07-30 20:05:33.097295+00,MUNICIPALIZADO,,PEDRO ESCOBEDO,SAN JUAN DEL RÍO
48,2025,40,11,72,0.00,300888.00,0.00,0.00,300888.00,C:\Users\vparsar\Desktop\ENTREGA CHUCHO\ENTREGA CHUCHO\00000 PROYECTOS\Tarjetas Municipales Srio\Eventos  _ESTATAL_\2025 1112 ESTATAL_u2_ actualizar.xlsx,Pacas&Suplementos2025,2026-07-30 20:05:33.097295+00,PACAS Y SUPLEMENTOS,,PEDRO ESCOBEDO,SAN JUAN DEL RÍO
107,2025,44,11,33,0.00,2800637.00,0.00,1716368.14,4517005.14,C:\Users\vparsar\Desktop\ENTREGA CHUCHO\ENTREGA CHUCHO\00000 PROYECTOS\Tarjetas Municipales Srio\Eventos  _ESTATAL_\2025 1112 ESTATAL_u2_ actualizar.xlsx,Tecnificación2025Estatal,2026-07-30 20:05:33.097295+00,TECNIFICACIÓN,,PEDRO ESCOBEDO,SAN JUAN DEL RÍO
159,2023,45,16,61,0.00,1772421.00,0.00,2867518.00,4639939.00,C:\Users\vparsar\Desktop\ENTREGA CHUCHO\ENTREGA CHUCHO\00000 PROYECTOS\Tarjetas Municipales Srio\Eventos  _ESTATAL_\2025 1112 ESTATAL_u2_ actualizar.xlsx,Dinamismo2023Estatal,2026-07-30 20:05:33.097295+00,DINAMISMO AGROALIMENTARIO,,SAN JUAN DEL RÍO,SAN JUAN DEL RÍO
130,2023,42,16,302,0.00,5965061.00,5965061.00,8970038.00,20900160.00,C:\Users\vparsar\Desktop\ENTREGA CHUCHO\ENTREGA CHUCHO\00000 PROYECTOS\Tarjetas Municipales Srio\Eventos  _ESTATAL_\2025 1112 ESTATAL_u2_ actualizar.xlsx,Municipalizado23Estatal,2026-07-30 20:05:33.097295+00,MUNICIPALIZADO,,SAN JUAN DEL RÍO,SAN JUAN DEL RÍO
175,2024,45,16,169,0.00,5894003.00,0.00,8808444.47,14702447.47,C:\Users\vparsar\Desktop\ENTREGA CHUCHO\ENTREGA CHUCHO\00000 PROYECTOS\Tarjetas Municipales Srio\Eventos  _ESTATAL_\2025 1112 ESTATAL_u2_ actualizar.xlsx,Dinamismo2024Estatal,2026-07-30 20:05:33.097295+00,DINAMISMO AGROALIMENTARIO,,SAN JUAN DEL RÍO,SAN JUAN DEL RÍO
147,2024,42,16,256,0.00,5000000.00,5000000.00,12213397.00,22213397.00,C:\Users\vparsar\Desktop\ENTREGA CHUCHO\ENTREGA CHUCHO\00000 PROYECTOS\Tarjetas Municipales Srio\Eventos  _ESTATAL_\2025 1112 ESTATAL_u2_ actualizar.xlsx,Municipalizado24Estatal_,2026-07-30 20:05:33.097295+00,MUNICIPALIZADO,,SAN JUAN DEL RÍO,SAN JUAN DEL RÍO
8,2025,38,16,12,0.00,65548.00,0.00,0.00,65548.00,C:\Users\vparsar\Desktop\ENTREGA CHUCHO\ENTREGA CHUCHO\00000 PROYECTOS\Tarjetas Municipales Srio\Eventos  _ESTATAL_\2025 1112 ESTATAL_u2_ actualizar.xlsx,Apícolas Azúcar,2026-07-30 20:05:33.097295+00,APÍCOLAS,,SAN JUAN DEL RÍO,SAN JUAN DEL RÍO
21,2025,39,16,349,0.00,1390500.00,0.00,0.00,1390500.00,C:\Users\vparsar\Desktop\ENTREGA CHUCHO\ENTREGA CHUCHO\00000 PROYECTOS\Tarjetas Municipales Srio\Eventos  _ESTATAL_\2025 1112 ESTATAL_u2_ actualizar.xlsx,"Avena, Garbanzo 2025",2026-07-30 20:05:33.097295+00,AVENA Y GARBANZO,,SAN JUAN DEL RÍO,SAN JUAN DEL RÍO
100,2025,43,16,4,0.00,287440.00,0.00,623269.40,910709.40,C:\Users\vparsar\Desktop\ENTREGA CHUCHO\ENTREGA CHUCHO\00000 PROYECTOS\Tarjetas Municipales Srio\Eventos  _ESTATAL_\2025 1112 ESTATAL_u2_ actualizar.xlsx,Bordería2025Estatal,2026-07-30 20:05:33.097295+00,BORDERÍA,,SAN JUAN DEL RÍO,SAN JUAN DEL RÍO
112,2025,45,16,187,0.00,7735252.00,0.00,14168366.19,21903618.19,C:\Users\vparsar\Desktop\ENTREGA CHUCHO\ENTREGA CHUCHO\00000 PROYECTOS\Tarjetas Municipales Srio\Eventos  _ESTATAL_\2025 1112 ESTATAL_u2_ actualizar.xlsx,Dinamismo2025Estatal,2026-07-30 20:05:33.097295+00,DINAMISMO AGROALIMENTARIO,,SAN JUAN DEL RÍO,SAN JUAN DEL RÍO
57,2025,41,16,2102,0.00,5572048.00,0.00,0.00,5572048.00,C:\Users\vparsar\Desktop\ENTREGA CHUCHO\ENTREGA CHUCHO\00000 PROYECTOS\Tarjetas Municipales Srio\Eventos  _ESTATAL_\2025 1112 ESTATAL_u2_ actualizar.xlsx,Maíz Blanco2025Estatal,2026-07-30 20:05:33.097295+00,MAÍZ BLANCO,,SAN JUAN DEL RÍO,SAN JUAN DEL RÍO
75,2025,42,16,253,0.00,4000000.00,4000000.00,8782304.00,16782304.00,C:\Users\vparsar\Desktop\ENTREGA CHUCHO\ENTREGA CHUCHO\00000 PROYECTOS\Tarjetas Municipales Srio\Eventos  _ESTATAL_\2025 1112 ESTATAL_u2_ actualizar.xlsx,Municipalizado2025Estatal,2026-07-30 20:05:33.097295+00,MUNICIPALIZADO,,SAN JUAN DEL RÍO,SAN JUAN DEL RÍO
41,2025,40,16,239,0.00,997080.00,0.00,0.00,997080.00,C:\Users\vparsar\Desktop\ENTREGA CHUCHO\ENTREGA CHUCHO\00000 PROYECTOS\Tarjetas Municipales Srio\Eventos  _ESTATAL_\2025 1112 ESTATAL_u2_ actualizar.xlsx,Pacas&Suplementos2025,2026-07-30 20:05:33.097295+00,PACAS Y SUPLEMENTOS,,SAN JUAN DEL RÍO,SAN JUAN DEL RÍO
109,2025,44,16,13,0.00,3441079.00,0.00,5901579.68,9342658.68,C:\Users\vparsar\Desktop\ENTREGA CHUCHO\ENTREGA CHUCHO\00000 PROYECTOS\Tarjetas Municipales Srio\Eventos  _ESTATAL_\2025 1112 ESTATAL_u2_ actualizar.xlsx,Tecnificación2025Estatal,2026-07-30 20:05:33.097295+00,TECNIFICACIÓN,,SAN JUAN DEL RÍO,SAN JUAN DEL RÍO
167,2023,45,17,15,0.00,657171.00,0.00,581121.02,1238292.02,C:\Users\vparsar\Desktop\ENTREGA CHUCHO\ENTREGA CHUCHO\00000 PROYECTOS\Tarjetas Municipales Srio\Eventos  _ESTATAL_\2025 1112 ESTATAL_u2_ actualizar.xlsx,Dinamismo2023Estatal,2026-07-30 20:05:33.097295+00,DINAMISMO AGROALIMENTARIO,,TEQUISQUIAPAN,SAN JUAN DEL RÍO
145,2023,42,17,31,0.00,600000.00,600000.00,1263904.00,2463904.00,C:\Users\vparsar\Desktop\ENTREGA CHUCHO\ENTREGA CHUCHO\00000 PROYECTOS\Tarjetas Municipales Srio\Eventos  _ESTATAL_\2025 1112 ESTATAL_u2_ actualizar.xlsx,Municipalizado23Estatal,2026-07-30 20:05:33.097295+00,MUNICIPALIZADO,,TEQUISQUIAPAN,SAN JUAN DEL RÍO
182,2024,45,17,52,0.00,2077568.00,0.00,4124226.58,6201794.58,C:\Users\vparsar\Desktop\ENTREGA CHUCHO\ENTREGA CHUCHO\00000 PROYECTOS\Tarjetas Municipales Srio\Eventos  _ESTATAL_\2025 1112 ESTATAL_u2_ actualizar.xlsx,Dinamismo2024Estatal,2026-07-30 20:05:33.097295+00,DINAMISMO AGROALIMENTARIO,,TEQUISQUIAPAN,SAN JUAN DEL RÍO
13,2025,38,17,5,0.00,25751.00,0.00,0.00,25751.00,C:\Users\vparsar\Desktop\ENTREGA CHUCHO\ENTREGA CHUCHO\00000 PROYECTOS\Tarjetas Municipales Srio\Eventos  _ESTATAL_\2025 1112 ESTATAL_u2_ actualizar.xlsx,Apícolas Azúcar,2026-07-30 20:05:33.097295+00,APÍCOLAS,,TEQUISQUIAPAN,SAN JUAN DEL RÍO
29,2025,39,17,122,0.00,484650.00,0.00,0.00,484650.00,C:\Users\vparsar\Desktop\ENTREGA CHUCHO\ENTREGA CHUCHO\00000 PROYECTOS\Tarjetas Municipales Srio\Eventos  _ESTATAL_\2025 1112 ESTATAL_u2_ actualizar.xlsx,"Avena, Garbanzo 2025",2026-07-30 20:05:33.097295+00,AVENA Y GARBANZO,,TEQUISQUIAPAN,SAN JUAN DEL RÍO
97,2025,43,17,8,0.00,388224.00,0.00,205484.00,593708.00,C:\Users\vparsar\Desktop\ENTREGA CHUCHO\ENTREGA CHUCHO\00000 PROYECTOS\Tarjetas Municipales Srio\Eventos  _ESTATAL_\2025 1112 ESTATAL_u2_ actualizar.xlsx,Bordería2025Estatal,2026-07-30 20:05:33.097295+00,BORDERÍA,,TEQUISQUIAPAN,SAN JUAN DEL RÍO
116,2025,45,17,52,0.00,2403881.00,0.00,5390674.68,7794555.68,C:\Users\vparsar\Desktop\ENTREGA CHUCHO\ENTREGA CHUCHO\00000 PROYECTOS\Tarjetas Municipales Srio\Eventos  _ESTATAL_\2025 1112 ESTATAL_u2_ actualizar.xlsx,Dinamismo2025Estatal,2026-07-30 20:05:33.097295+00,DINAMISMO AGROALIMENTARIO,,TEQUISQUIAPAN,SAN JUAN DEL RÍO
66,2025,41,17,560,0.00,1598969.00,0.00,0.00,1598969.00,C:\Users\vparsar\Desktop\ENTREGA CHUCHO\ENTREGA CHUCHO\00000 PROYECTOS\Tarjetas Municipales Srio\Eventos  _ESTATAL_\2025 1112 ESTATAL_u2_ actualizar.xlsx,Maíz Blanco2025Estatal,2026-07-30 20:05:33.097295+00,MAÍZ BLANCO,,TEQUISQUIAPAN,SAN JUAN DEL RÍO
87,2025,42,17,29,0.00,500000.00,500000.00,1108271.00,2108271.00,C:\Users\vparsar\Desktop\ENTREGA CHUCHO\ENTREGA CHUCHO\00000 PROYECTOS\Tarjetas Municipales Srio\Eventos  _ESTATAL_\2025 1112 ESTATAL_u2_ actualizar.xlsx,Municipalizado2025Estatal,2026-07-30 20:05:33.097295+00,MUNICIPALIZADO,,TEQUISQUIAPAN,SAN JUAN DEL RÍO
50,2025,40,17,104,0.00,199752.00,0.00,0.00,199752.00,C:\Users\vparsar\Desktop\ENTREGA CHUCHO\ENTREGA CHUCHO\00000 PROYECTOS\Tarjetas Municipales Srio\Eventos  _ESTATAL_\2025 1112 ESTATAL_u2_ actualizar.xlsx,Pacas&Suplementos2025,2026-07-30 20:05:33.097295+00,PACAS Y SUPLEMENTOS,,TEQUISQUIAPAN,SAN JUAN DEL RÍO
110,2025,44,17,4,0.00,371245.00,0.00,206095.50,577340.50,C:\Users\vparsar\Desktop\ENTREGA CHUCHO\ENTREGA CHUCHO\00000 PROYECTOS\Tarjetas Municipales Srio\Eventos  _ESTATAL_\2025 1112 ESTATAL_u2_ actualizar.xlsx,Tecnificación2025Estatal,2026-07-30 20:05:33.097295+00,TECNIFICACIÓN,,TEQUISQUIAPAN,SAN JUAN DEL RÍO
