resumen_id,anio,programa_id,beneficiarios,beneficiarios_indir,numero_apoyos,apoyo_federal,apoyo_estatal,apoyo_municipal,aportacion_productor,total,fuente_archivo,cargado_en,programa_nombre,categoria
1,2021,46,1,3178,3178,0.00,15000000.00,0.00,0.00,15000000.00,C:\Users\vparsar\Desktop\ENTREGA CHUCHO\ENTREGA CHUCHO\00000 PROYECTOS\Tarjetas Municipales Srio\Eventos  _ESTATAL_\2025 1112 ESTATAL_u2_ actualizar.xlsx,2026-07-30 20:05:33.097295+00,EMERGENTE PECUARIO,
2,2021,47,1,406,406,5843485.00,7949132.00,0.00,2757634.00,16550251.00,C:\Users\vparsar\Desktop\ENTREGA CHUCHO\ENTREGA CHUCHO\00000 PROYECTOS\Tarjetas Municipales Srio\Eventos  _ESTATAL_\2025 1112 ESTATAL_u2_ actualizar.xlsx,2026-07-30 20:05:33.097295+00,"EMERGENTE REACTIVACIÓN ECONÓMICA MÓDULOS D.R. 023, S.J.R.",
18,2022,62,123,231,123,0.00,957511.00,0.00,0.00,957511.00,C:\Users\vparsar\Desktop\ENTREGA CHUCHO\ENTREGA CHUCHO\00000 PROYECTOS\Tarjetas Municipales Srio\Eventos  _ESTATAL_\2025 1112 ESTATAL_u2_ actualizar.xlsx,2026-07-30 20:05:33.097295+00,APOYO ECONÓMICO PARA LIQUIDÉZ,
13,2022,57,38,1131,38,0.00,3594040.00,0.00,0.00,3594040.00,C:\Users\vparsar\Desktop\ENTREGA CHUCHO\ENTREGA CHUCHO\00000 PROYECTOS\Tarjetas Municipales Srio\Eventos  _ESTATAL_\2025 1112 ESTATAL_u2_ actualizar.xlsx,2026-07-30 20:05:33.097295+00,ASISTENCIA TÉCNICA,
19,2022,63,28,,28,0.00,681212.00,0.00,0.00,681212.00,C:\Users\vparsar\Desktop\ENTREGA CHUCHO\ENTREGA CHUCHO\00000 PROYECTOS\Tarjetas Municipales Srio\Eventos  _ESTATAL_\2025 1112 ESTATAL_u2_ actualizar.xlsx,2026-07-30 20:05:33.097295+00,BRIGADAS COMUNITARIAS SANIDAD FORESTAL,
17,2022,61,15,620,15,0.00,1231585.00,0.00,0.00,1231585.00,C:\Users\vparsar\Desktop\ENTREGA CHUCHO\ENTREGA CHUCHO\00000 PROYECTOS\Tarjetas Municipales Srio\Eventos  _ESTATAL_\2025 1112 ESTATAL_u2_ actualizar.xlsx,2026-07-30 20:05:33.097295+00,D.C. SEGURIDAD ALIMENTARIA,
5,2022,45,617,,647,0.00,27605878.00,0.00,36956110.05,64561988.05,C:\Users\vparsar\Desktop\ENTREGA CHUCHO\ENTREGA CHUCHO\00000 PROYECTOS\Tarjetas Municipales Srio\Eventos  _ESTATAL_\2025 1112 ESTATAL_u2_ actualizar.xlsx,2026-07-30 20:05:33.097295+00,DINAMISMO AGROALIMENTARIO,
12,2022,56,3,85,3,6357394.00,3600000.00,0.00,2688339.49,12645733.49,C:\Users\vparsar\Desktop\ENTREGA CHUCHO\ENTREGA CHUCHO\00000 PROYECTOS\Tarjetas Municipales Srio\Eventos  _ESTATAL_\2025 1112 ESTATAL_u2_ actualizar.xlsx,2026-07-30 20:05:33.097295+00,EMERGENTE CAPITALIZACIÓN A USUARIOS HIDROAGRÍCOLAS,
4,2022,49,11,14781,11,0.00,29253960.00,0.00,649283.68,29903243.68,C:\Users\vparsar\Desktop\ENTREGA CHUCHO\ENTREGA CHUCHO\00000 PROYECTOS\Tarjetas Municipales Srio\Eventos  _ESTATAL_\2025 1112 ESTATAL_u2_ actualizar.xlsx,2026-07-30 20:05:33.097295+00,"FERIAS, EVENTOS Y APOYO A COTAS",
16,2022,60,195,,195,0.00,1999998.00,0.00,0.00,1999998.00,C:\Users\vparsar\Desktop\ENTREGA CHUCHO\ENTREGA CHUCHO\00000 PROYECTOS\Tarjetas Municipales Srio\Eventos  _ESTATAL_\2025 1112 ESTATAL_u2_ actualizar.xlsx,2026-07-30 20:05:33.097295+00,HUERTOS SUSTENTABLES,
9,2022,53,1339,,1339,0.00,10315900.00,0.00,0.00,10315900.00,C:\Users\vparsar\Desktop\ENTREGA CHUCHO\ENTREGA CHUCHO\00000 PROYECTOS\Tarjetas Municipales Srio\Eventos  _ESTATAL_\2025 1112 ESTATAL_u2_ actualizar.xlsx,2026-07-30 20:05:33.097295+00,IMPULSO A LA PRODUCTIVIDAD FERTILIZANTE,
15,2022,59,19,,19,0.00,2107658.00,0.00,5088702.04,7196360.04,C:\Users\vparsar\Desktop\ENTREGA CHUCHO\ENTREGA CHUCHO\00000 PROYECTOS\Tarjetas Municipales Srio\Eventos  _ESTATAL_\2025 1112 ESTATAL_u2_ actualizar.xlsx,2026-07-30 20:05:33.097295+00,IMPULSO AL SECTOR VITIVINÍCOLA,
11,2022,55,130,,130,0.00,5253897.00,0.00,3983016.07,9236913.07,C:\Users\vparsar\Desktop\ENTREGA CHUCHO\ENTREGA CHUCHO\00000 PROYECTOS\Tarjetas Municipales Srio\Eventos  _ESTATAL_\2025 1112 ESTATAL_u2_ actualizar.xlsx,2026-07-30 20:05:33.097295+00,MANEJO SUSTENTABLE DE AGOSTADEROS,
23,2022,67,8,,8,0.00,40000.00,0.00,964.00,40964.00,C:\Users\vparsar\Desktop\ENTREGA CHUCHO\ENTREGA CHUCHO\00000 PROYECTOS\Tarjetas Municipales Srio\Eventos  _ESTATAL_\2025 1112 ESTATAL_u2_ actualizar.xlsx,2026-07-30 20:05:33.097295+00,MEJORAMIENTO GENÉTICO GANADERÍA SUSTENTABLE,
8,2022,52,3,520,3,0.00,11405132.00,0.00,5229426.00,16634558.00,C:\Users\vparsar\Desktop\ENTREGA CHUCHO\ENTREGA CHUCHO\00000 PROYECTOS\Tarjetas Municipales Srio\Eventos  _ESTATAL_\2025 1112 ESTATAL_u2_ actualizar.xlsx,2026-07-30 20:05:33.097295+00,PERFORACIÓN DE POZOS (GASTO CORRIENTE),
10,2022,54,75,287,75,0.00,9800000.00,0.00,6817939.85,16617939.85,C:\Users\vparsar\Desktop\ENTREGA CHUCHO\ENTREGA CHUCHO\00000 PROYECTOS\Tarjetas Municipales Srio\Eventos  _ESTATAL_\2025 1112 ESTATAL_u2_ actualizar.xlsx,2026-07-30 20:05:33.097295+00,PROGRAMA DE BORDERÍA,
3,2022,48,4654,,4654,0.00,29509533.00,29509533.00,41159972.00,100179038.00,C:\Users\vparsar\Desktop\ENTREGA CHUCHO\ENTREGA CHUCHO\00000 PROYECTOS\Tarjetas Municipales Srio\Eventos  _ESTATAL_\2025 1112 ESTATAL_u2_ actualizar.xlsx,2026-07-30 20:05:33.097295+00,PROGRAMA MUNICIPALIZADO,
20,2022,64,23,,23,0.00,1000000.00,0.00,0.00,1000000.00,C:\Users\vparsar\Desktop\ENTREGA CHUCHO\ENTREGA CHUCHO\00000 PROYECTOS\Tarjetas Municipales Srio\Eventos  _ESTATAL_\2025 1112 ESTATAL_u2_ actualizar.xlsx,2026-07-30 20:05:33.097295+00,REFORESTACIÓN Y RESTAURACIÓN INTEGRAL,
7,2022,51,3,5861,3,24935036.00,14987524.00,0.00,0.00,39922560.00,C:\Users\vparsar\Desktop\ENTREGA CHUCHO\ENTREGA CHUCHO\00000 PROYECTOS\Tarjetas Municipales Srio\Eventos  _ESTATAL_\2025 1112 ESTATAL_u2_ actualizar.xlsx,2026-07-30 20:05:33.097295+00,"SANIDAD E INOCUIDAD AGROALIMENTARIA 
(ACUÍCOLA, VEGETAL Y PECUARIO)",
21,2022,65,13281,,13281,0.00,32459600.00,0.00,0.00,32459600.00,C:\Users\vparsar\Desktop\ENTREGA CHUCHO\ENTREGA CHUCHO\00000 PROYECTOS\Tarjetas Municipales Srio\Eventos  _ESTATAL_\2025 1112 ESTATAL_u2_ actualizar.xlsx,2026-07-30 20:05:33.097295+00,SEGURO AGRÍCOLA CATASTRÓFICO,
22,2022,66,146,,146,0.00,1175292.66,0.00,0.00,1175292.66,C:\Users\vparsar\Desktop\ENTREGA CHUCHO\ENTREGA CHUCHO\00000 PROYECTOS\Tarjetas Municipales Srio\Eventos  _ESTATAL_\2025 1112 ESTATAL_u2_ actualizar.xlsx,2026-07-30 20:05:33.097295+00,SEGURO PECUARIO CATASTRÓFICO,
14,2022,58,1,452,1,0.00,3000000.00,0.00,3000000.00,6000000.00,C:\Users\vparsar\Desktop\ENTREGA CHUCHO\ENTREGA CHUCHO\00000 PROYECTOS\Tarjetas Municipales Srio\Eventos  _ESTATAL_\2025 1112 ESTATAL_u2_ actualizar.xlsx,2026-07-30 20:05:33.097295+00,SEGURO PORCÍCOLA,
6,2022,50,149,106,149,0.00,26536012.00,0.00,29634245.00,56170257.00,C:\Users\vparsar\Desktop\ENTREGA CHUCHO\ENTREGA CHUCHO\00000 PROYECTOS\Tarjetas Municipales Srio\Eventos  _ESTATAL_\2025 1112 ESTATAL_u2_ actualizar.xlsx,2026-07-30 20:05:33.097295+00,TECNIFICACIÓN DE RIEGO,
36,2023,57,742,25,742,0.00,2660050.00,0.00,0.00,2660050.00,C:\Users\vparsar\Desktop\ENTREGA CHUCHO\ENTREGA CHUCHO\00000 PROYECTOS\Tarjetas Municipales Srio\Eventos  _ESTATAL_\2025 1112 ESTATAL_u2_ actualizar.xlsx,2026-07-30 20:05:33.097295+00,ASISTENCIA TÉCNICA,
37,2023,63,5,,5,0.00,436420.00,0.00,0.00,436420.00,C:\Users\vparsar\Desktop\ENTREGA CHUCHO\ENTREGA CHUCHO\00000 PROYECTOS\Tarjetas Municipales Srio\Eventos  _ESTATAL_\2025 1112 ESTATAL_u2_ actualizar.xlsx,2026-07-30 20:05:33.097295+00,BRIGADAS COMUNITARIAS SANIDAD FORESTAL,
33,2023,45,637,,637,0.00,23415100.00,0.00,36049807.43,59464907.43,C:\Users\vparsar\Desktop\ENTREGA CHUCHO\ENTREGA CHUCHO\00000 PROYECTOS\Tarjetas Municipales Srio\Eventos  _ESTATAL_\2025 1112 ESTATAL_u2_ actualizar.xlsx,2026-07-30 20:05:33.097295+00,DINAMISMO AGROALIMENTARIO,
28,2023,49,11,7632,11,0.00,30486892.00,0.00,0.00,30486892.00,C:\Users\vparsar\Desktop\ENTREGA CHUCHO\ENTREGA CHUCHO\00000 PROYECTOS\Tarjetas Municipales Srio\Eventos  _ESTATAL_\2025 1112 ESTATAL_u2_ actualizar.xlsx,2026-07-30 20:05:33.097295+00,"FERIAS, EVENTOS Y APOYO A COTAS",
24,2023,68,14057,132488,14057,0.00,84801528.00,0.00,0.00,84801528.00,C:\Users\vparsar\Desktop\ENTREGA CHUCHO\ENTREGA CHUCHO\00000 PROYECTOS\Tarjetas Municipales Srio\Eventos  _ESTATAL_\2025 1112 ESTATAL_u2_ actualizar.xlsx,2026-07-30 20:05:33.097295+00,MAÍZ CONSUMO HUMANO,
25,2023,69,5631,0,5631,0.00,19244000.00,0.00,0.00,19244000.00,C:\Users\vparsar\Desktop\ENTREGA CHUCHO\ENTREGA CHUCHO\00000 PROYECTOS\Tarjetas Municipales Srio\Eventos  _ESTATAL_\2025 1112 ESTATAL_u2_ actualizar.xlsx,2026-07-30 20:05:33.097295+00,"PACAS FORRAJERAS CONCENTRADOS, CISTERNAS Y VIAJES DE AGUA",
29,2023,52,9,36,9,0.00,858000.00,0.00,1861024.36,2719024.36,C:\Users\vparsar\Desktop\ENTREGA CHUCHO\ENTREGA CHUCHO\00000 PROYECTOS\Tarjetas Municipales Srio\Eventos  _ESTATAL_\2025 1112 ESTATAL_u2_ actualizar.xlsx,2026-07-30 20:05:33.097295+00,PERFORACIÓN DE POZOS (GASTO CORRIENTE),
34,2023,54,80,1835,80,0.00,6187717.00,0.00,4255161.16,10442878.16,C:\Users\vparsar\Desktop\ENTREGA CHUCHO\ENTREGA CHUCHO\00000 PROYECTOS\Tarjetas Municipales Srio\Eventos  _ESTATAL_\2025 1112 ESTATAL_u2_ actualizar.xlsx,2026-07-30 20:05:33.097295+00,PROGRAMA DE BORDERÍA,
32,2023,48,4762,,4762,0.00,39045650.00,39045650.00,58159763.00,136251063.00,C:\Users\vparsar\Desktop\ENTREGA CHUCHO\ENTREGA CHUCHO\00000 PROYECTOS\Tarjetas Municipales Srio\Eventos  _ESTATAL_\2025 1112 ESTATAL_u2_ actualizar.xlsx,2026-07-30 20:05:33.097295+00,PROGRAMA MUNICIPALIZADO,
30,2023,64,12,,12,0.00,500000.00,0.00,0.00,500000.00,C:\Users\vparsar\Desktop\ENTREGA CHUCHO\ENTREGA CHUCHO\00000 PROYECTOS\Tarjetas Municipales Srio\Eventos  _ESTATAL_\2025 1112 ESTATAL_u2_ actualizar.xlsx,2026-07-30 20:05:33.097295+00,REFORESTACIÓN Y RESTAURACIÓN INTEGRAL,
31,2023,51,3,4604,3,26499860.00,10300000.00,0.00,0.00,36799860.00,C:\Users\vparsar\Desktop\ENTREGA CHUCHO\ENTREGA CHUCHO\00000 PROYECTOS\Tarjetas Municipales Srio\Eventos  _ESTATAL_\2025 1112 ESTATAL_u2_ actualizar.xlsx,2026-07-30 20:05:33.097295+00,"SANIDAD E INOCUIDAD AGROALIMENTARIA 
(ACUÍCOLA, VEGETAL Y PECUARIO)",
27,2023,71,2909,,2909,0.00,10000000.00,0.00,0.00,10000000.00,C:\Users\vparsar\Desktop\ENTREGA CHUCHO\ENTREGA CHUCHO\00000 PROYECTOS\Tarjetas Municipales Srio\Eventos  _ESTATAL_\2025 1112 ESTATAL_u2_ actualizar.xlsx,2026-07-30 20:05:33.097295+00,"SEMILLA DE AVENA, GARBANZO Y MAÍZ",
26,2023,70,261,0,261,0.00,1105800.00,0.00,0.00,1105800.00,C:\Users\vparsar\Desktop\ENTREGA CHUCHO\ENTREGA CHUCHO\00000 PROYECTOS\Tarjetas Municipales Srio\Eventos  _ESTATAL_\2025 1112 ESTATAL_u2_ actualizar.xlsx,2026-07-30 20:05:33.097295+00,SUPLEMENTO ALIMENCITIO APÍCOLA,
35,2023,50,7,413,7,0.00,3527302.00,0.00,5711678.78,9238980.78,C:\Users\vparsar\Desktop\ENTREGA CHUCHO\ENTREGA CHUCHO\00000 PROYECTOS\Tarjetas Municipales Srio\Eventos  _ESTATAL_\2025 1112 ESTATAL_u2_ actualizar.xlsx,2026-07-30 20:05:33.097295+00,TECNIFICACIÓN DE RIEGO,
48,2024,57,720,,720,0.00,2226339.00,0.00,0.00,2226339.00,C:\Users\vparsar\Desktop\ENTREGA CHUCHO\ENTREGA CHUCHO\00000 PROYECTOS\Tarjetas Municipales Srio\Eventos  _ESTATAL_\2025 1112 ESTATAL_u2_ actualizar.xlsx,2026-07-30 20:05:33.097295+00,ASISTENCIA TÉCNICA,
52,2024,63,18,160,18,0.00,825400.00,0.00,0.00,825400.00,C:\Users\vparsar\Desktop\ENTREGA CHUCHO\ENTREGA CHUCHO\00000 PROYECTOS\Tarjetas Municipales Srio\Eventos  _ESTATAL_\2025 1112 ESTATAL_u2_ actualizar.xlsx,2026-07-30 20:05:33.097295+00,BRIGADAS COMUNITARIAS SANIDAD FORESTAL,
42,2024,45,1729,,1760,0.00,55159336.00,0.00,87030319.25,142189655.25,C:\Users\vparsar\Desktop\ENTREGA CHUCHO\ENTREGA CHUCHO\00000 PROYECTOS\Tarjetas Municipales Srio\Eventos  _ESTATAL_\2025 1112 ESTATAL_u2_ actualizar.xlsx,2026-07-30 20:05:33.097295+00,DINAMISMO AGROALIMENTARIO,
50,2024,49,729,7442,9,0.00,41303000.00,0.00,0.00,41303000.00,C:\Users\vparsar\Desktop\ENTREGA CHUCHO\ENTREGA CHUCHO\00000 PROYECTOS\Tarjetas Municipales Srio\Eventos  _ESTATAL_\2025 1112 ESTATAL_u2_ actualizar.xlsx,2026-07-30 20:05:33.097295+00,"FERIAS, EVENTOS Y APOYO A COTAS",
46,2024,68,19065,,19065,0.00,46978250.00,0.00,0.00,46978250.00,C:\Users\vparsar\Desktop\ENTREGA CHUCHO\ENTREGA CHUCHO\00000 PROYECTOS\Tarjetas Municipales Srio\Eventos  _ESTATAL_\2025 1112 ESTATAL_u2_ actualizar.xlsx,2026-07-30 20:05:33.097295+00,MAÍZ CONSUMO HUMANO,
49,2024,69,2240,0,2240,0.00,12882280.00,0.00,0.00,12882280.00,C:\Users\vparsar\Desktop\ENTREGA CHUCHO\ENTREGA CHUCHO\00000 PROYECTOS\Tarjetas Municipales Srio\Eventos  _ESTATAL_\2025 1112 ESTATAL_u2_ actualizar.xlsx,2026-07-30 20:05:33.097295+00,"PACAS FORRAJERAS CONCENTRADOS, CISTERNAS Y VIAJES DE AGUA",
45,2024,52,9,140,9,0.00,339000.00,0.00,898855.13,1237855.13,C:\Users\vparsar\Desktop\ENTREGA CHUCHO\ENTREGA CHUCHO\00000 PROYECTOS\Tarjetas Municipales Srio\Eventos  _ESTATAL_\2025 1112 ESTATAL_u2_ actualizar.xlsx,2026-07-30 20:05:33.097295+00,PERFORACIÓN DE POZOS (GASTO CORRIENTE),
43,2024,54,3378,,62,0.00,13752514.00,0.00,7126823.00,20879337.00,C:\Users\vparsar\Desktop\ENTREGA CHUCHO\ENTREGA CHUCHO\00000 PROYECTOS\Tarjetas Municipales Srio\Eventos  _ESTATAL_\2025 1112 ESTATAL_u2_ actualizar.xlsx,2026-07-30 20:05:33.097295+00,PROGRAMA DE BORDERÍA,
41,2024,48,1575,,1575,0.00,15206766.00,15206766.00,27940426.61,58353958.61,C:\Users\vparsar\Desktop\ENTREGA CHUCHO\ENTREGA CHUCHO\00000 PROYECTOS\Tarjetas Municipales Srio\Eventos  _ESTATAL_\2025 1112 ESTATAL_u2_ actualizar.xlsx,2026-07-30 20:05:33.097295+00,PROGRAMA MUNICIPALIZADO,
53,2024,64,12,200,12,0.00,500000.00,0.00,0.00,500000.00,C:\Users\vparsar\Desktop\ENTREGA CHUCHO\ENTREGA CHUCHO\00000 PROYECTOS\Tarjetas Municipales Srio\Eventos  _ESTATAL_\2025 1112 ESTATAL_u2_ actualizar.xlsx,2026-07-30 20:05:33.097295+00,REFORESTACIÓN Y RESTAURACIÓN INTEGRAL,
51,2024,51,3,4930,4930,27778661.00,10300000.00,0.00,0.00,38078661.00,C:\Users\vparsar\Desktop\ENTREGA CHUCHO\ENTREGA CHUCHO\00000 PROYECTOS\Tarjetas Municipales Srio\Eventos  _ESTATAL_\2025 1112 ESTATAL_u2_ actualizar.xlsx,2026-07-30 20:05:33.097295+00,"SANIDAD E INOCUIDAD AGROALIMENTARIA 
(ACUÍCOLA, VEGETAL Y PECUARIO)",
47,2024,71,3773,,3773,0.00,15000000.00,0.00,0.00,15000000.00,C:\Users\vparsar\Desktop\ENTREGA CHUCHO\ENTREGA CHUCHO\00000 PROYECTOS\Tarjetas Municipales Srio\Eventos  _ESTATAL_\2025 1112 ESTATAL_u2_ actualizar.xlsx,2026-07-30 20:05:33.097295+00,"SEMILLA DE AVENA, GARBANZO Y MAÍZ",
44,2024,50,120,,146,0.00,19331088.00,0.00,13682539.00,33013627.00,C:\Users\vparsar\Desktop\ENTREGA CHUCHO\ENTREGA CHUCHO\00000 PROYECTOS\Tarjetas Municipales Srio\Eventos  _ESTATAL_\2025 1112 ESTATAL_u2_ actualizar.xlsx,2026-07-30 20:05:33.097295+00,TECNIFICACIÓN DE RIEGO,
58,2025,57,510,,510,0.00,1982780.18,0.00,0.00,1982780.18,C:\Users\vparsar\Desktop\ENTREGA CHUCHO\ENTREGA CHUCHO\00000 PROYECTOS\Tarjetas Municipales Srio\Eventos  _ESTATAL_\2025 1112 ESTATAL_u2_ actualizar.xlsx,2026-07-30 20:05:33.097295+00,ASISTENCIA TÉCNICA,
68,2025,63,18,160,18,0.00,825400.00,0.00,0.00,825400.00,C:\Users\vparsar\Desktop\ENTREGA CHUCHO\ENTREGA CHUCHO\00000 PROYECTOS\Tarjetas Municipales Srio\Eventos  _ESTATAL_\2025 1112 ESTATAL_u2_ actualizar.xlsx,2026-07-30 20:05:33.097295+00,BRIGADAS COMUNITARIAS SANIDAD FORESTAL,
55,2025,45,1546,,1546,0.00,44003623.00,0.00,53680467.85,97684090.85,C:\Users\vparsar\Desktop\ENTREGA CHUCHO\ENTREGA CHUCHO\00000 PROYECTOS\Tarjetas Municipales Srio\Eventos  _ESTATAL_\2025 1112 ESTATAL_u2_ actualizar.xlsx,2026-07-30 20:05:33.097295+00,DINAMISMO AGROALIMENTARIO,
59,2025,49,3000,3178,12,0.00,40000000.00,0.00,0.00,40000000.00,C:\Users\vparsar\Desktop\ENTREGA CHUCHO\ENTREGA CHUCHO\00000 PROYECTOS\Tarjetas Municipales Srio\Eventos  _ESTATAL_\2025 1112 ESTATAL_u2_ actualizar.xlsx,2026-07-30 20:05:33.097295+00,"FERIAS, EVENTOS Y APOYO A COTAS",
61,2025,68,19640,,19640,0.00,45000000.00,0.00,0.00,45000000.00,C:\Users\vparsar\Desktop\ENTREGA CHUCHO\ENTREGA CHUCHO\00000 PROYECTOS\Tarjetas Municipales Srio\Eventos  _ESTATAL_\2025 1112 ESTATAL_u2_ actualizar.xlsx,2026-07-30 20:05:33.097295+00,MAÍZ CONSUMO HUMANO,
62,2025,69,2541,0,2541,0.00,11628948.00,0.00,0.00,11628948.00,C:\Users\vparsar\Desktop\ENTREGA CHUCHO\ENTREGA CHUCHO\00000 PROYECTOS\Tarjetas Municipales Srio\Eventos  _ESTATAL_\2025 1112 ESTATAL_u2_ actualizar.xlsx,2026-07-30 20:05:33.097295+00,"PACAS FORRAJERAS CONCENTRADOS, CISTERNAS Y VIAJES DE AGUA",
57,2025,54,35,,35,0.00,9742664.00,0.00,4996619.80,14739283.80,C:\Users\vparsar\Desktop\ENTREGA CHUCHO\ENTREGA CHUCHO\00000 PROYECTOS\Tarjetas Municipales Srio\Eventos  _ESTATAL_\2025 1112 ESTATAL_u2_ actualizar.xlsx,2026-07-30 20:05:33.097295+00,PROGRAMA DE BORDERÍA,
60,2025,48,2974,,2974,0.00,31500000.00,31500000.00,38349307.45,101349307.45,C:\Users\vparsar\Desktop\ENTREGA CHUCHO\ENTREGA CHUCHO\00000 PROYECTOS\Tarjetas Municipales Srio\Eventos  _ESTATAL_\2025 1112 ESTATAL_u2_ actualizar.xlsx,2026-07-30 20:05:33.097295+00,PROGRAMA MUNICIPALIZADO,
69,2025,64,12,200,12,0.00,500000.00,0.00,0.00,500000.00,C:\Users\vparsar\Desktop\ENTREGA CHUCHO\ENTREGA CHUCHO\00000 PROYECTOS\Tarjetas Municipales Srio\Eventos  _ESTATAL_\2025 1112 ESTATAL_u2_ actualizar.xlsx,2026-07-30 20:05:33.097295+00,REFORESTACIÓN Y RESTAURACIÓN INTEGRAL,
67,2025,73,28,,28,0.00,3178000.00,0.00,0.00,3178000.00,C:\Users\vparsar\Desktop\ENTREGA CHUCHO\ENTREGA CHUCHO\00000 PROYECTOS\Tarjetas Municipales Srio\Eventos  _ESTATAL_\2025 1112 ESTATAL_u2_ actualizar.xlsx,2026-07-30 20:05:33.097295+00,REMOLQUES PIPA PARA DISTRIBUCIÓN DE AGUA (6),
70,2025,51,3,8997,3,28379274.00,10300000.00,0.00,0.00,38679274.00,C:\Users\vparsar\Desktop\ENTREGA CHUCHO\ENTREGA CHUCHO\00000 PROYECTOS\Tarjetas Municipales Srio\Eventos  _ESTATAL_\2025 1112 ESTATAL_u2_ actualizar.xlsx,2026-07-30 20:05:33.097295+00,"SANIDAD E INOCUIDAD AGROALIMENTARIA 
(ACUÍCOLA, VEGETAL Y PECUARIO)",
63,2025,71,2998,,2998,0.00,12203375.00,0.00,0.00,12203375.00,C:\Users\vparsar\Desktop\ENTREGA CHUCHO\ENTREGA CHUCHO\00000 PROYECTOS\Tarjetas Municipales Srio\Eventos  _ESTATAL_\2025 1112 ESTATAL_u2_ actualizar.xlsx,2026-07-30 20:05:33.097295+00,"SEMILLA DE AVENA, GARBANZO Y MAÍZ",
65,2025,72,72,,72,0.00,485179.20,0.00,0.00,485179.20,C:\Users\vparsar\Desktop\ENTREGA CHUCHO\ENTREGA CHUCHO\00000 PROYECTOS\Tarjetas Municipales Srio\Eventos  _ESTATAL_\2025 1112 ESTATAL_u2_ actualizar.xlsx,2026-07-30 20:05:33.097295+00,SUPLEMENTO ALIMENCITIO ACUÍCOLA,
64,2025,70,135,,135,0.00,765507.00,0.00,0.00,765507.00,C:\Users\vparsar\Desktop\ENTREGA CHUCHO\ENTREGA CHUCHO\00000 PROYECTOS\Tarjetas Municipales Srio\Eventos  _ESTATAL_\2025 1112 ESTATAL_u2_ actualizar.xlsx,2026-07-30 20:05:33.097295+00,SUPLEMENTO ALIMENCITIO APÍCOLA,
56,2025,50,65,,65,0.00,6162122.00,0.00,10060942.41,16223064.41,C:\Users\vparsar\Desktop\ENTREGA CHUCHO\ENTREGA CHUCHO\00000 PROYECTOS\Tarjetas Municipales Srio\Eventos  _ESTATAL_\2025 1112 ESTATAL_u2_ actualizar.xlsx,2026-07-30 20:05:33.097295+00,TECNIFICACIÓN DE RIEGO,
