anio,municipio,programa,numero_apoyos,apoyo_estatal,apoyo_municipal,aportacion_productor,total
2023,AMEALCO DE BONFIL,DINAMISMO AGROALIMENTARIO,228,7145343.00,0.00,11409405.27,18554748.27
2023,AMEALCO DE BONFIL,MUNICIPALIZADO,214,1000000.00,1000000.00,1046929.00,3046929.00
2023,ARROYO SECO,DINAMISMO AGROALIMENTARIO,15,513998.00,0.00,746350.78,1260348.78
2023,ARROYO SECO,MUNICIPALIZADO,113,1000000.00,1000000.00,1058242.00,3058242.00
2023,CADEREYTA DE MONTES,DINAMISMO AGROALIMENTARIO,44,1806218.00,0.00,1625073.50,3431291.50
2023,CADEREYTA DE MONTES,MUNICIPALIZADO,223,1900000.00,1900000.00,2792604.00,6592604.00
2023,COLÓN,DINAMISMO AGROALIMENTARIO,18,851784.00,0.00,1526275.86,2378059.86
2023,COLÓN,MUNICIPALIZADO,211,6000000.00,6000000.00,13162557.00,25162557.00
2023,CORREGIDORA,DINAMISMO AGROALIMENTARIO,9,625630.00,0.00,1115470.00,1741100.00
2023,CORREGIDORA,MUNICIPALIZADO,534,1975108.00,1975108.00,2287301.00,6237517.00
2023,EL MARQUÉS,DINAMISMO AGROALIMENTARIO,31,1444050.00,0.00,2789614.69,4233664.69
2023,EL MARQUÉS,MUNICIPALIZADO,51,2000000.00,2000000.00,5110851.00,9110851.00
2023,EZEQUIEL MONTES,DINAMISMO AGROALIMENTARIO,23,1431626.00,0.00,2030826.40,3462452.40
2023,EZEQUIEL MONTES,MUNICIPALIZADO,142,1000000.00,1000000.00,1042274.00,3042274.00
2023,HUIMILPAN,DINAMISMO AGROALIMENTARIO,28,1310717.00,0.00,3678092.51,4988809.51
2023,HUIMILPAN,MUNICIPALIZADO,149,1828956.00,1828956.00,2689999.00,6347911.00
2023,JALPAN DE SERRA,DINAMISMO AGROALIMENTARIO,25,629061.00,0.00,1327978.21,1957039.21
2023,JALPAN DE SERRA,MUNICIPALIZADO,226,1997806.00,1997806.00,2358202.00,6353814.00
2023,LANDA DE MATAMOROS,DINAMISMO AGROALIMENTARIO,26,741577.00,0.00,768767.04,1510344.04
2023,LANDA DE MATAMOROS,MUNICIPALIZADO,260,2000000.00,2000000.00,2060607.00,6060607.00
2023,PEDRO ESCOBEDO,DINAMISMO AGROALIMENTARIO,36,2158569.00,0.00,3035275.91,5193844.91
2023,PEDRO ESCOBEDO,MUNICIPALIZADO,117,3000000.00,3000000.00,5072759.00,11072759.00
2023,PEÑAMILLER,DINAMISMO AGROALIMENTARIO,3,75000.00,0.00,51000.00,126000.00
2023,PEÑAMILLER,MUNICIPALIZADO,254,1300000.00,1300000.00,1354760.00,3954760.00
2023,PINAL DE AMOLES,DINAMISMO AGROALIMENTARIO,38,1109620.00,0.00,814580.00,1924200.00
2023,PINAL DE AMOLES,MUNICIPALIZADO,344,1500000.00,1500000.00,1546059.00,4546059.00
2023,QUERÉTARO,DINAMISMO AGROALIMENTARIO,23,773615.00,0.00,1335875.74,2109490.74
2023,QUERÉTARO,MUNICIPALIZADO,1175,2517000.00,2517000.00,2718636.00,7752636.00
2023,SAN JOAQUÍN,DINAMISMO AGROALIMENTARIO,2,68000.00,0.00,74120.00,142120.00
2023,SAN JOAQUÍN,MUNICIPALIZADO,341,3000000.00,3000000.00,3138303.00,9138303.00
2023,SAN JUAN DEL RÍO,DINAMISMO AGROALIMENTARIO,61,1772421.00,0.00,2867518.00,4639939.00
2023,SAN JUAN DEL RÍO,MUNICIPALIZADO,302,5965061.00,5965061.00,8970038.00,20900160.00
2023,TEQUISQUIAPAN,DINAMISMO AGROALIMENTARIO,15,657171.00,0.00,581121.02,1238292.02
2023,TEQUISQUIAPAN,MUNICIPALIZADO,31,600000.00,600000.00,1263904.00,2463904.00
2023,TOLIMÁN,DINAMISMO AGROALIMENTARIO,12,300700.00,0.00,272462.50,573162.50
2023,TOLIMÁN,MUNICIPALIZADO,75,461720.00,461720.00,485738.00,1409178.00
2024,AMEALCO DE BONFIL,DINAMISMO AGROALIMENTARIO,614,17017390.00,0.00,28817166.56,45834556.56
2024,AMEALCO DE BONFIL,MUNICIPALIZADO,103,1000000.00,1000000.00,1263044.73,3263044.73
2024,ARROYO SECO,DINAMISMO AGROALIMENTARIO,53,1656630.00,0.00,1626881.63,3283511.63
2024,CADEREYTA DE MONTES,DINAMISMO AGROALIMENTARIO,83,3482401.00,0.00,3380820.67,6863221.67
2024,COLÓN,DINAMISMO AGROALIMENTARIO,43,2133693.00,0.00,4722381.01,6856074.01
2024,COLÓN,MUNICIPALIZADO,96,1500000.00,1500000.00,4220640.02,7220640.02
2024,CORREGIDORA,DINAMISMO AGROALIMENTARIO,74,1927160.00,0.00,3331544.80,5258704.80
2024,EL MARQUÉS,DINAMISMO AGROALIMENTARIO,60,1888487.00,0.00,1942597.33,3831084.33
2024,EZEQUIEL MONTES,DINAMISMO AGROALIMENTARIO,37,2218519.00,0.00,5403935.27,7622454.27
2024,HUIMILPAN,DINAMISMO AGROALIMENTARIO,73,2207253.00,0.00,2981407.58,5188660.58
2024,HUIMILPAN,MUNICIPALIZADO,87,1000000.00,1000000.00,1906686.86,3906686.86
2024,JALPAN DE SERRA,DINAMISMO AGROALIMENTARIO,79,2284920.00,0.00,2597109.01,4882029.01
2024,JALPAN DE SERRA,MUNICIPALIZADO,245,1500000.00,1500000.00,1545455.00,4545455.00
2024,LANDA DE MATAMOROS,DINAMISMO AGROALIMENTARIO,60,1835012.00,0.00,1754313.03,3589325.03
2024,LANDA DE MATAMOROS,MUNICIPALIZADO,73,1000000.00,1000000.00,1622221.00,3622221.00
2024,PEDRO ESCOBEDO,DINAMISMO AGROALIMENTARIO,159,5635835.00,0.00,11947959.79,17583794.79
2024,PEÑAMILLER,DINAMISMO AGROALIMENTARIO,3,25053.00,0.00,10740.30,35793.30
2024,PEÑAMILLER,MUNICIPALIZADO,103,706766.10,706766.10,1289637.80,2703170.00
2024,PINAL DE AMOLES,DINAMISMO AGROALIMENTARIO,80,1721275.00,0.00,1253353.41,2974628.41
2024,PINAL DE AMOLES,MUNICIPALIZADO,319,1500000.00,1500000.00,1685058.00,4685058.00
2024,QUERÉTARO,DINAMISMO AGROALIMENTARIO,91,2054804.00,0.00,2012237.57,4067041.57
2024,SAN JOAQUÍN,DINAMISMO AGROALIMENTARIO,3,99593.00,0.00,110407.00,210000.00
2024,SAN JOAQUÍN,MUNICIPALIZADO,295,2000000.00,2000000.00,2194286.64,6194286.64
2024,SAN JUAN DEL RÍO,DINAMISMO AGROALIMENTARIO,169,5894003.00,0.00,8808444.47,14702447.47
2024,SAN JUAN DEL RÍO,MUNICIPALIZADO,256,5000000.00,5000000.00,12213397.00,22213397.00
2024,TEQUISQUIAPAN,DINAMISMO AGROALIMENTARIO,52,2077568.00,0.00,4124226.58,6201794.58
2024,TOLIMÁN,DINAMISMO AGROALIMENTARIO,27,999740.00,0.00,2204793.24,3204533.24
2025,AMEALCO DE BONFIL,APÍCOLAS,2,11705.00,0.00,0.00,11705.00
2025,AMEALCO DE BONFIL,AVENA Y GARBANZO,727,2835000.00,0.00,0.00,2835000.00
2025,AMEALCO DE BONFIL,BORDERÍA,36,2478897.00,0.00,1818554.16,4297451.16
2025,AMEALCO DE BONFIL,DINAMISMO AGROALIMENTARIO,607,15493592.00,0.00,18386843.41,33880435.41
2025,AMEALCO DE BONFIL,MAÍZ BLANCO,5180,8522709.00,0.00,0.00,8522709.00
2025,AMEALCO DE BONFIL,PACAS Y SUPLEMENTOS,1,2856.00,0.00,0.00,2856.00
2025,AMEALCO DE BONFIL,TECNIFICACIÓN,1,31301.00,0.00,13415.86,44716.86
2025,ARROYO SECO,ACUÍCOLAS,20,132704.00,0.00,0.00,132704.00
2025,ARROYO SECO,APÍCOLAS,25,125243.50,0.00,0.00,125243.50
2025,ARROYO SECO,AVENA Y GARBANZO,106,537400.00,0.00,0.00,537400.00
2025,ARROYO SECO,BORDERÍA,20,1421710.00,0.00,690958.00,2112668.00
2025,ARROYO SECO,DINAMISMO AGROALIMENTARIO,61,2229127.00,0.00,2196269.70,4425396.70
2025,ARROYO SECO,MAÍZ BLANCO,709,1543876.00,0.00,0.00,1543876.00
2025,ARROYO SECO,MUNICIPALIZADO,865,3000000.00,3000000.00,3132580.00,9132580.00
2025,ARROYO SECO,PACAS Y SUPLEMENTOS,350,1515976.00,0.00,0.00,1515976.00
2025,CADEREYTA DE MONTES,APÍCOLAS,1,7023.00,0.00,0.00,7023.00
2025,CADEREYTA DE MONTES,AVENA Y GARBANZO,108,540000.00,0.00,0.00,540000.00
2025,CADEREYTA DE MONTES,BORDERÍA,10,648464.00,0.00,333799.07,982263.07
2025,CADEREYTA DE MONTES,DINAMISMO AGROALIMENTARIO,92,3371458.00,0.00,4219196.11,7590654.11
2025,CADEREYTA DE MONTES,MAÍZ BLANCO,1003,2597043.00,0.00,0.00,2597043.00
2025,CADEREYTA DE MONTES,PACAS Y SUPLEMENTOS,147,606984.00,0.00,0.00,606984.00
2025,CADEREYTA DE MONTES,TECNIFICACIÓN,1,110000.00,0.00,202639.00,312639.00
2025,COLÓN,APÍCOLAS,10,64377.50,0.00,0.00,64377.50
2025,COLÓN,AVENA Y GARBANZO,168,792450.00,0.00,0.00,792450.00
2025,COLÓN,BORDERÍA,10,789520.00,0.00,1183661.24,1973181.24
2025,COLÓN,DINAMISMO AGROALIMENTARIO,40,1931570.00,0.00,3178053.80,5109623.80
2025,COLÓN,MAÍZ BLANCO,1137,3623304.00,0.00,0.00,3623304.00
2025,COLÓN,MUNICIPALIZADO,196,4000000.00,4000000.00,5710994.00,13710994.00
2025,COLÓN,PACAS Y SUPLEMENTOS,124,515592.00,0.00,0.00,515592.00
2025,CORREGIDORA,APÍCOLAS,4,25751.00,0.00,0.00,25751.00
2025,CORREGIDORA,AVENA Y GARBANZO,219,985725.00,0.00,0.00,985725.00
2025,CORREGIDORA,DINAMISMO AGROALIMENTARIO,23,883635.00,0.00,1371574.98,2255209.98
2025,CORREGIDORA,MAÍZ BLANCO,654,2183207.00,0.00,0.00,2183207.00
2025,CORREGIDORA,MUNICIPALIZADO,549,2000000.00,2000000.00,2160794.00,6160794.00
2025,CORREGIDORA,PACAS Y SUPLEMENTOS,56,18816.00,0.00,0.00,18816.00
2025,EL MARQUÉS,APÍCOLAS,14,86617.00,0.00,0.00,86617.00
2025,EL MARQUÉS,AVENA Y GARBANZO,195,1033825.00,0.00,0.00,1033825.00
2025,EL MARQUÉS,BORDERÍA,6,456686.00,0.00,513475.45,970161.45
2025,EL MARQUÉS,DINAMISMO AGROALIMENTARIO,38,1707900.00,0.00,2937965.61,4645865.61
2025,EL MARQUÉS,MAÍZ BLANCO,1427,4504787.00,0.00,0.00,4504787.00
2025,EL MARQUÉS,PACAS Y SUPLEMENTOS,198,815304.00,0.00,0.00,815304.00
2025,EL MARQUÉS,TECNIFICACIÓN,1,573017.00,0.00,382012.16,955029.16
2025,EZEQUIEL MONTES,APÍCOLAS,1,7023.00,0.00,0.00,7023.00
2025,EZEQUIEL MONTES,AVENA Y GARBANZO,108,378675.00,0.00,0.00,378675.00
2025,EZEQUIEL MONTES,DINAMISMO AGROALIMENTARIO,31,1689987.00,0.00,4475729.01,6165716.01
2025,EZEQUIEL MONTES,MAÍZ BLANCO,315,1051886.00,0.00,0.00,1051886.00
2025,EZEQUIEL MONTES,MUNICIPALIZADO,51,1000000.00,1000000.00,2167311.00,4167311.00
2025,EZEQUIEL MONTES,PACAS Y SUPLEMENTOS,24,100800.00,0.00,0.00,100800.00
2025,EZEQUIEL MONTES,TECNIFICACIÓN,5,4081690.00,0.00,2110900.33,6192590.33
2025,HUIMILPAN,APÍCOLAS,7,40967.50,0.00,0.00,40967.50
2025,HUIMILPAN,AVENA Y GARBANZO,168,441450.00,0.00,0.00,441450.00
2025,HUIMILPAN,DINAMISMO AGROALIMENTARIO,97,2362288.00,0.00,2071121.13,4433409.13
2025,HUIMILPAN,MAÍZ BLANCO,932,2661104.00,0.00,0.00,2661104.00
2025,HUIMILPAN,MUNICIPALIZADO,75,1000000.00,1000000.00,1840960.00,3840960.00
2025,HUIMILPAN,PACAS Y SUPLEMENTOS,36,153104.00,0.00,0.00,153104.00
2025,JALPAN DE SERRA,ACUÍCOLAS,7,46446.40,0.00,0.00,46446.40
2025,JALPAN DE SERRA,APÍCOLAS,17,94810.50,0.00,0.00,94810.50
2025,JALPAN DE SERRA,AVENA Y GARBANZO,95,420750.00,0.00,0.00,420750.00
2025,JALPAN DE SERRA,BORDERÍA,4,2463333.00,0.00,1060000.00,3523333.00
2025,JALPAN DE SERRA,DINAMISMO AGROALIMENTARIO,70,2734650.00,0.00,4375719.60,7110369.60
2025,JALPAN DE SERRA,MAÍZ BLANCO,625,1422160.00,0.00,0.00,1422160.00
2025,JALPAN DE SERRA,MUNICIPALIZADO,291,2000000.00,2000000.00,2473940.00,6473940.00
2025,JALPAN DE SERRA,PACAS Y SUPLEMENTOS,237,1005900.00,0.00,0.00,1005900.00
2025,LANDA DE MATAMOROS,APÍCOLAS,6,30433.00,0.00,0.00,30433.00
2025,LANDA DE MATAMOROS,AVENA Y GARBANZO,93,437500.00,0.00,0.00,437500.00
2025,LANDA DE MATAMOROS,BORDERÍA,8,655107.00,0.00,487318.00,1142425.00
2025,LANDA DE MATAMOROS,DINAMISMO AGROALIMENTARIO,77,2300502.00,0.00,2109838.00,4410340.00
2025,LANDA DE MATAMOROS,MAÍZ BLANCO,671,1486221.00,0.00,0.00,1486221.00
2025,LANDA DE MATAMOROS,MUNICIPALIZADO,270,4000000.00,4000000.00,5322792.00,13322792.00
2025,LANDA DE MATAMOROS,PACAS Y SUPLEMENTOS,297,1280552.00,0.00,0.00,1280552.00
2025,PEDRO ESCOBEDO,APÍCOLAS,3,18728.00,0.00,0.00,18728.00
2025,PEDRO ESCOBEDO,AVENA Y GARBANZO,133,680400.00,0.00,0.00,680400.00
2025,PEDRO ESCOBEDO,BORDERÍA,2,160685.00,0.00,93790.00,254475.00
2025,PEDRO ESCOBEDO,DINAMISMO AGROALIMENTARIO,185,7103737.00,0.00,17017360.26,24121097.26
2025,PEDRO ESCOBEDO,MAÍZ BLANCO,636,1705310.00,0.00,0.00,1705310.00
2025,PEDRO ESCOBEDO,MUNICIPALIZADO,140,3000000.00,3000000.00,6565328.00,12565328.00
2025,PEDRO ESCOBEDO,PACAS Y SUPLEMENTOS,72,300888.00,0.00,0.00,300888.00
2025,PEDRO ESCOBEDO,TECNIFICACIÓN,33,2800637.00,0.00,1716368.14,4517005.14
2025,PEÑAMILLER,AVENA Y GARBANZO,22,90450.00,0.00,0.00,90450.00
2025,PEÑAMILLER,BORDERÍA,4,337000.00,0.00,153000.00,490000.00
2025,PEÑAMILLER,DINAMISMO AGROALIMENTARIO,9,177860.00,0.00,189936.26,367796.26
2025,PEÑAMILLER,MAÍZ BLANCO,738,1126197.00,0.00,0.00,1126197.00
2025,PEÑAMILLER,MUNICIPALIZADO,140,1000000.00,1000000.00,1141416.00,3141416.00
2025,PEÑAMILLER,PACAS Y SUPLEMENTOS,156,676900.00,0.00,0.00,676900.00
2025,PINAL DE AMOLES,ACUÍCOLAS,1,6635.20,0.00,0.00,6635.20
2025,PINAL DE AMOLES,APÍCOLAS,4,19898.50,0.00,0.00,19898.50
2025,PINAL DE AMOLES,AVENA Y GARBANZO,55,232550.00,0.00,0.00,232550.00
2025,PINAL DE AMOLES,DINAMISMO AGROALIMENTARIO,86,1709727.00,0.00,1322773.00,3032500.00
2025,PINAL DE AMOLES,MAÍZ BLANCO,1047,2568856.00,0.00,0.00,2568856.00
2025,PINAL DE AMOLES,MUNICIPALIZADO,288,1500000.00,1500000.00,1545455.00,4545455.00
2025,PINAL DE AMOLES,PACAS Y SUPLEMENTOS,122,510720.00,0.00,0.00,510720.00
2025,QUERÉTARO,APÍCOLAS,21,124073.00,0.00,0.00,124073.00
2025,QUERÉTARO,AVENA Y GARBANZO,234,677525.00,0.00,0.00,677525.00
2025,QUERÉTARO,BORDERÍA,6,344373.00,0.00,190353.75,534726.75
2025,QUERÉTARO,DINAMISMO AGROALIMENTARIO,45,1343518.00,0.00,1430641.10,2774159.10
2025,QUERÉTARO,MAÍZ BLANCO,1391,3950871.42,0.00,0.00,3950871.42
2025,QUERÉTARO,MUNICIPALIZADO,1050,3000000.00,3000000.00,9206662.64,15206662.64
2025,QUERÉTARO,PACAS Y SUPLEMENTOS,53,109704.00,0.00,0.00,109704.00
2025,QUERÉTARO,TECNIFICACIÓN,2,63044.00,0.00,63045.00,126089.00
2025,SAN JOAQUÍN,AVENA Y GARBANZO,18,82350.00,0.00,0.00,82350.00
2025,SAN JOAQUÍN,BORDERÍA,3,695000.00,0.00,479940.00,1174940.00
2025,SAN JOAQUÍN,DINAMISMO AGROALIMENTARIO,4,206730.00,0.00,214230.00,420960.00
2025,SAN JOAQUÍN,MAÍZ BLANCO,303,399742.00,0.00,0.00,399742.00
2025,SAN JOAQUÍN,MUNICIPALIZADO,125,1000000.00,1000000.00,1112470.00,3112470.00
2025,SAN JOAQUÍN,PACAS Y SUPLEMENTOS,53,230020.00,0.00,0.00,230020.00
2025,SAN JUAN DEL RÍO,APÍCOLAS,12,65548.00,0.00,0.00,65548.00
2025,SAN JUAN DEL RÍO,AVENA Y GARBANZO,349,1390500.00,0.00,0.00,1390500.00
2025,SAN JUAN DEL RÍO,BORDERÍA,4,287440.00,0.00,623269.40,910709.40
2025,SAN JUAN DEL RÍO,DINAMISMO AGROALIMENTARIO,187,7735252.00,0.00,14168366.19,21903618.19
2025,SAN JUAN DEL RÍO,MAÍZ BLANCO,2102,5572048.00,0.00,0.00,5572048.00
2025,SAN JUAN DEL RÍO,MUNICIPALIZADO,253,4000000.00,4000000.00,8782304.00,16782304.00
2025,SAN JUAN DEL RÍO,PACAS Y SUPLEMENTOS,239,997080.00,0.00,0.00,997080.00
2025,SAN JUAN DEL RÍO,TECNIFICACIÓN,13,3441079.00,0.00,5901579.68,9342658.68
2025,TEQUISQUIAPAN,APÍCOLAS,5,25751.00,0.00,0.00,25751.00
2025,TEQUISQUIAPAN,AVENA Y GARBANZO,122,484650.00,0.00,0.00,484650.00
2025,TEQUISQUIAPAN,BORDERÍA,8,388224.00,0.00,205484.00,593708.00
2025,TEQUISQUIAPAN,DINAMISMO AGROALIMENTARIO,52,2403881.00,0.00,5390674.68,7794555.68
2025,TEQUISQUIAPAN,MAÍZ BLANCO,560,1598969.00,0.00,0.00,1598969.00
2025,TEQUISQUIAPAN,MUNICIPALIZADO,29,500000.00,500000.00,1108271.00,2108271.00
2025,TEQUISQUIAPAN,PACAS Y SUPLEMENTOS,104,199752.00,0.00,0.00,199752.00
2025,TEQUISQUIAPAN,TECNIFICACIÓN,4,371245.00,0.00,206095.50,577340.50
2025,TOLIMÁN,APÍCOLAS,3,17557.50,0.00,0.00,17557.50
2025,TOLIMÁN,AVENA Y GARBANZO,53,147150.00,0.00,0.00,147150.00
2025,TOLIMÁN,BORDERÍA,2,128286.00,0.00,72190.00,200476.00
2025,TOLIMÁN,DINAMISMO AGROALIMENTARIO,36,1121123.00,0.00,1239344.00,2360467.00
2025,TOLIMÁN,MAÍZ BLANCO,210,459960.00,0.00,0.00,459960.00
2025,TOLIMÁN,MUNICIPALIZADO,134,500000.00,500000.00,575877.79,1575877.79
2025,TOLIMÁN,PACAS Y SUPLEMENTOS,140,588000.00,0.00,0.00,588000.00
