anio,programa,beneficiarios,numero_apoyos,apoyo_federal,apoyo_estatal,apoyo_municipal,aportacion_productor,total
2021,EMERGENTE PECUARIO,1,3178,0.00,15000000.00,0.00,0.00,15000000.00
2021,"EMERGENTE REACTIVACIÓN ECONÓMICA MÓDULOS D.R. 023, S.J.R.",1,406,5843485.00,7949132.00,0.00,2757634.00,16550251.00
2022,APOYO ECONÓMICO PARA LIQUIDÉZ,123,123,0.00,957511.00,0.00,0.00,957511.00
2022,ASISTENCIA TÉCNICA,38,38,0.00,3594040.00,0.00,0.00,3594040.00
2022,BRIGADAS COMUNITARIAS SANIDAD FORESTAL,28,28,0.00,681212.00,0.00,0.00,681212.00
2022,D.C. SEGURIDAD ALIMENTARIA,15,15,0.00,1231585.00,0.00,0.00,1231585.00
2022,DINAMISMO AGROALIMENTARIO,617,647,0.00,27605878.00,0.00,36956110.05,64561988.05
2022,EMERGENTE CAPITALIZACIÓN A USUARIOS HIDROAGRÍCOLAS,3,3,6357394.00,3600000.00,0.00,2688339.49,12645733.49
2022,"FERIAS, EVENTOS Y APOYO A COTAS",11,11,0.00,29253960.00,0.00,649283.68,29903243.68
2022,HUERTOS SUSTENTABLES,195,195,0.00,1999998.00,0.00,0.00,1999998.00
2022,IMPULSO A LA PRODUCTIVIDAD FERTILIZANTE,1339,1339,0.00,10315900.00,0.00,0.00,10315900.00
2022,IMPULSO AL SECTOR VITIVINÍCOLA,19,19,0.00,2107658.00,0.00,5088702.04,7196360.04
2022,MANEJO SUSTENTABLE DE AGOSTADEROS,130,130,0.00,5253897.00,0.00,3983016.07,9236913.07
2022,MEJORAMIENTO GENÉTICO GANADERÍA SUSTENTABLE,8,8,0.00,40000.00,0.00,964.00,40964.00
2022,PERFORACIÓN DE POZOS (GASTO CORRIENTE),3,3,0.00,11405132.00,0.00,5229426.00,16634558.00
2022,PROGRAMA DE BORDERÍA,75,75,0.00,9800000.00,0.00,6817939.85,16617939.85
2022,PROGRAMA MUNICIPALIZADO,4654,4654,0.00,29509533.00,29509533.00,41159972.00,100179038.00
2022,REFORESTACIÓN Y RESTAURACIÓN INTEGRAL,23,23,0.00,1000000.00,0.00,0.00,1000000.00
2022,"SANIDAD E INOCUIDAD AGROALIMENTARIA 
(ACUÍCOLA, VEGETAL Y PECUARIO)",3,3,24935036.00,14987524.00,0.00,0.00,39922560.00
2022,SEGURO AGRÍCOLA CATASTRÓFICO,13281,13281,0.00,32459600.00,0.00,0.00,32459600.00
2022,SEGURO PECUARIO CATASTRÓFICO,146,146,0.00,1175292.66,0.00,0.00,1175292.66
2022,SEGURO PORCÍCOLA,1,1,0.00,3000000.00,0.00,3000000.00,6000000.00
2022,TECNIFICACIÓN DE RIEGO,149,149,0.00,26536012.00,0.00,29634245.00,56170257.00
2023,ASISTENCIA TÉCNICA,742,742,0.00,2660050.00,0.00,0.00,2660050.00
2023,BRIGADAS COMUNITARIAS SANIDAD FORESTAL,5,5,0.00,436420.00,0.00,0.00,436420.00
2023,DINAMISMO AGROALIMENTARIO,637,637,0.00,23415100.00,0.00,36049807.43,59464907.43
2023,"FERIAS, EVENTOS Y APOYO A COTAS",11,11,0.00,30486892.00,0.00,0.00,30486892.00
2023,MAÍZ CONSUMO HUMANO,14057,14057,0.00,84801528.00,0.00,0.00,84801528.00
2023,"PACAS FORRAJERAS CONCENTRADOS, CISTERNAS Y VIAJES DE AGUA",5631,5631,0.00,19244000.00,0.00,0.00,19244000.00
2023,PERFORACIÓN DE POZOS (GASTO CORRIENTE),9,9,0.00,858000.00,0.00,1861024.36,2719024.36
2023,PROGRAMA DE BORDERÍA,80,80,0.00,6187717.00,0.00,4255161.16,10442878.16
2023,PROGRAMA MUNICIPALIZADO,4762,4762,0.00,39045650.00,39045650.00,58159763.00,136251063.00
2023,REFORESTACIÓN Y RESTAURACIÓN INTEGRAL,12,12,0.00,500000.00,0.00,0.00,500000.00
2023,"SANIDAD E INOCUIDAD AGROALIMENTARIA 
(ACUÍCOLA, VEGETAL Y PECUARIO)",3,3,26499860.00,10300000.00,0.00,0.00,36799860.00
2023,"SEMILLA DE AVENA, GARBANZO Y MAÍZ",2909,2909,0.00,10000000.00,0.00,0.00,10000000.00
2023,SUPLEMENTO ALIMENCITIO APÍCOLA,261,261,0.00,1105800.00,0.00,0.00,1105800.00
2023,TECNIFICACIÓN DE RIEGO,7,7,0.00,3527302.00,0.00,5711678.78,9238980.78
2024,ASISTENCIA TÉCNICA,720,720,0.00,2226339.00,0.00,0.00,2226339.00
2024,BRIGADAS COMUNITARIAS SANIDAD FORESTAL,18,18,0.00,825400.00,0.00,0.00,825400.00
2024,DINAMISMO AGROALIMENTARIO,1729,1760,0.00,55159336.00,0.00,87030319.25,142189655.25
2024,"FERIAS, EVENTOS Y APOYO A COTAS",729,9,0.00,41303000.00,0.00,0.00,41303000.00
2024,MAÍZ CONSUMO HUMANO,19065,19065,0.00,46978250.00,0.00,0.00,46978250.00
2024,"PACAS FORRAJERAS CONCENTRADOS, CISTERNAS Y VIAJES DE AGUA",2240,2240,0.00,12882280.00,0.00,0.00,12882280.00
2024,PERFORACIÓN DE POZOS (GASTO CORRIENTE),9,9,0.00,339000.00,0.00,898855.13,1237855.13
2024,PROGRAMA DE BORDERÍA,3378,62,0.00,13752514.00,0.00,7126823.00,20879337.00
2024,PROGRAMA MUNICIPALIZADO,1575,1575,0.00,15206766.00,15206766.00,27940426.61,58353958.61
2024,REFORESTACIÓN Y RESTAURACIÓN INTEGRAL,12,12,0.00,500000.00,0.00,0.00,500000.00
2024,"SANIDAD E INOCUIDAD AGROALIMENTARIA 
(ACUÍCOLA, VEGETAL Y PECUARIO)",3,4930,27778661.00,10300000.00,0.00,0.00,38078661.00
2024,"SEMILLA DE AVENA, GARBANZO Y MAÍZ",3773,3773,0.00,15000000.00,0.00,0.00,15000000.00
2024,TECNIFICACIÓN DE RIEGO,120,146,0.00,19331088.00,0.00,13682539.00,33013627.00
2025,ASISTENCIA TÉCNICA,510,510,0.00,1982780.18,0.00,0.00,1982780.18
2025,BRIGADAS COMUNITARIAS SANIDAD FORESTAL,18,18,0.00,825400.00,0.00,0.00,825400.00
2025,DINAMISMO AGROALIMENTARIO,1546,1546,0.00,44003623.00,0.00,53680467.85,97684090.85
2025,"FERIAS, EVENTOS Y APOYO A COTAS",3000,12,0.00,40000000.00,0.00,0.00,40000000.00
2025,MAÍZ CONSUMO HUMANO,19640,19640,0.00,45000000.00,0.00,0.00,45000000.00
2025,"PACAS FORRAJERAS CONCENTRADOS, CISTERNAS Y VIAJES DE AGUA",2541,2541,0.00,11628948.00,0.00,0.00,11628948.00
2025,PROGRAMA DE BORDERÍA,35,35,0.00,9742664.00,0.00,4996619.80,14739283.80
2025,PROGRAMA MUNICIPALIZADO,2974,2974,0.00,31500000.00,31500000.00,38349307.45,101349307.45
2025,REFORESTACIÓN Y RESTAURACIÓN INTEGRAL,12,12,0.00,500000.00,0.00,0.00,500000.00
2025,REMOLQUES PIPA PARA DISTRIBUCIÓN DE AGUA (6),28,28,0.00,3178000.00,0.00,0.00,3178000.00
2025,"SANIDAD E INOCUIDAD AGROALIMENTARIA 
(ACUÍCOLA, VEGETAL Y PECUARIO)",3,3,28379274.00,10300000.00,0.00,0.00,38679274.00
2025,"SEMILLA DE AVENA, GARBANZO Y MAÍZ",2998,2998,0.00,12203375.00,0.00,0.00,12203375.00
2025,SUPLEMENTO ALIMENCITIO ACUÍCOLA,72,72,0.00,485179.20,0.00,0.00,485179.20
2025,SUPLEMENTO ALIMENCITIO APÍCOLA,135,135,0.00,765507.00,0.00,0.00,765507.00
2025,TECNIFICACIÓN DE RIEGO,65,65,0.00,6162122.00,0.00,10060942.41,16223064.41
