programa_id,nombre,categoria
37,ACUÍCOLAS,
38,APÍCOLAS,
39,AVENA Y GARBANZO,
40,PACAS Y SUPLEMENTOS,
41,MAÍZ BLANCO,
42,MUNICIPALIZADO,
43,BORDERÍA,
44,TECNIFICACIÓN,
45,DINAMISMO AGROALIMENTARIO,
46,EMERGENTE PECUARIO,
47,"EMERGENTE REACTIVACIÓN ECONÓMICA MÓDULOS D.R. 023, S.J.R.",
48,PROGRAMA MUNICIPALIZADO,
49,"FERIAS, EVENTOS Y APOYO A COTAS",
50,TECNIFICACIÓN DE RIEGO,
51,"SANIDAD E INOCUIDAD AGROALIMENTARIA 
(ACUÍCOLA, VEGETAL Y PECUARIO)",
52,PERFORACIÓN DE POZOS (GASTO CORRIENTE),
53,IMPULSO A LA PRODUCTIVIDAD FERTILIZANTE,
54,PROGRAMA DE BORDERÍA,
55,MANEJO SUSTENTABLE DE AGOSTADEROS,
56,EMERGENTE CAPITALIZACIÓN A USUARIOS HIDROAGRÍCOLAS,
57,ASISTENCIA TÉCNICA,
58,SEGURO PORCÍCOLA,
59,IMPULSO AL SECTOR VITIVINÍCOLA,
60,HUERTOS SUSTENTABLES,
61,D.C. SEGURIDAD ALIMENTARIA,
62,APOYO ECONÓMICO PARA LIQUIDÉZ,
63,BRIGADAS COMUNITARIAS SANIDAD FORESTAL,
64,REFORESTACIÓN Y RESTAURACIÓN INTEGRAL,
65,SEGURO AGRÍCOLA CATASTRÓFICO,
66,SEGURO PECUARIO CATASTRÓFICO,
67,MEJORAMIENTO GENÉTICO GANADERÍA SUSTENTABLE,
68,MAÍZ CONSUMO HUMANO,
69,"PACAS FORRAJERAS CONCENTRADOS, CISTERNAS Y VIAJES DE AGUA",
70,SUPLEMENTO ALIMENCITIO APÍCOLA,
71,"SEMILLA DE AVENA, GARBANZO Y MAÍZ",
72,SUPLEMENTO ALIMENCITIO ACUÍCOLA,
73,REMOLQUES PIPA PARA DISTRIBUCIÓN DE AGUA (6),
86,ACTIVOS,
87,INVERSIÓN DIRECTA G.E.Q.,
88,MINISTERIO DE AGRICULTURA Y DESARROLLO RURAL,
89,PROGRAMA DE APOYO A LA INFRAESTRUCTURA HIDROAGRÍCOLA (CONVENIO CON CONAGUA),
90,PROGRAMA DE CONCURRENCIA CON LAS ENTIDADES FEDERATIVAS,
91,USO SUSTENTABLE DE RECURSOS NATURALES PARA LA PRODUCCIÓN PRIMARIA (SAGARPA),
92,FOMENTO A LA PRODUCCIÓN Y PRODUCTIVIDAD (GEQ),
93,SUSTENTABILIDAD DE LOS RECURSOS NATURALES (SAGARPA),
94,PROGRAMA DE APOYO A LA INVERSIÓN EN EQUIPAMIENTO E INFRAESTRUCTURA,
95,PROGRAMA INTEGRAL DE DESARROLLO RURAL (SAGARPA),
96,"FOMENTO AL DESARROLLO AGROPECUARIO, FORESTAL Y PESCA 2017-2021 (ESTATAL)",
97,PROGRAMA DE ATENCIÓN A CONTINGENCIAS CLIMATOLÓGICAS,
98,PROGRAMA DE FOMENTO A LA AGRICULTURA (CONVENIO CON SAGARPA),
99,PROGRAMA DE PRODUCTIVIDAD RURAL (SAGARPA),
100,PROGRAMA DE APOYOS A PEQUEÑOS PRODUCTORES (SAGARPA),
101,"PROGRAMA DE FOMENTO A LA AGRICULTURA - 
FOMENTO AL DESARROLLO AGROPECUARIO, FORESTAL Y PESCA 2017-2021",
102,PROGRAMA DE APOYOS A PEQUEÑOS PRODUCTORES (SADER),
103,"PROGRAMA DE FOMENTO AL DESARROLLO AGROPECUARIO, FORESTAL Y PESCA 2017-2021",
104,SIN CLASIFICAR,
105,MAÍZ PARA CONSUMO HUMANO,
106,FERTILIZANTE QUÍM. UREA,
107,AVENA,
108,SEMILLA PARA CULTIVOS FORRAJEROS,
109,FERTILIZANTE,
110,SEMILLA DE AVENA,
111,CULTIVADORA,
112,MOLINO DE NIXTAMAL,
113,REMOLQUE,
114,APOYO PARA SANIDAD FORESTAL,
115,PACAS FORRAJERAS,
116,SEMBRADORA,
117,RASTRA,
118,SEGADORA IMPLEMENTOS FORRAJEROS,
119,FORRAJE,
120,EQUIPO PARA ALMACENAMIENTO DE AGUA,
121,REMOLQUE USO PRODUCTIVO PECUARIO,
122,FERTILIZANTES QUÍMICOS,
123,"TINACO DE AL MENOS 5,000 LTS P/HUERTO",
124,DESGRANADORA,
125,SEGADORA,
126,MOTOBOMBA,
127,SUPLEMENTO CUNICOLA,
128,BIODIGESTOR,
129,CARRETILLA,
130,DESBROZADORA,
131,EQUIPO PARA BOMBEO Y CONDUCCIÓN DE AGUA,
132,REMOLQUE USO AGRÍCOLA,
133,MATERIAL VEGETATIVO,
134,FERTILIZANTE FÓRMULAS ESPECÍFICAS,
135,FERTILIZANTE SULFATOS,
136,REHABILITACIÓN DE INVERNADERO,
137,SEGADORA ENGANCHE A TRACTOR,
138,ESTUFA ECOLÓGICA,
139,PAQUETE DE PRODUCCIÓN A PEQUEÑA ESCALA,
140,APOYO PARA SISTEMA DE RIEGO,
141,CERCO DE ALAMBRE DE PÚAS (USO PECUARIO),
142,JORNALES E INSUMOS,
143,APOYO PARA PAGO DE INTERESES,
144,RASTRILLO (IMPLEMENTOS PARA ENGANCHE A TRACTOR),
145,FERTILIZADORA ENGANCHE A TRACTOR,
146,PARIHUELA,
147,"CISTERNA 5,000 LTS",
148,ASISTENCIA TÉCNICA Y CAP. GANADERÍA EN AGOSTADERO,
149,MOCHILA ASPERSORA,
150,SUPLEMENTO MINERAL,
151,SEMILLA DE PASTO (USO PECUARIO),
152,LINEA DE CONDUCCIÓN,
153,PAQUETE TECNOLÓGICO DE INSUMOS PARA PEQUEÑAS UNIDADES DE PRODUCCIÓN AGROPECUARIA,
154,GEOMEMBRANA CON ESTRUCTURA,
155,PAQUETE PARA HUERTO,
156,CONSTRUCCIÓN DE MACROTÚNELES,
157,TRACTOR DE 40 A 125 CABALLOS DE FUERZA,
158,SEMENTAL,
159,CISTERNA DE AL MENOS 5000 (CINCO MIL) LITROS,
160,GEOMEMBRANA,
161,SUBSUELO,
162,"JORNALES, LOTE DE HERRAMIENTAS E INSUMOS",
163,BASCULA GANADERA,
164,DESAZOLVE DE BORDO,
165,ORDEÑADORA,
166,TINACO PARA USO AGROPECUARIO,
167,REMOLQUE USO PRODUCTIVO,
168,EMPACADORA,
169,MOLINO PARA FORRAJE,
170,APOYOS PARA REFORESTACIÓN,
171,ASPERSORA,
172,REHABILITACIÓN DE BORDO,
173,RASTRILLO,
174,RASTRILLO (IMPLEMENTOS FORRAJEROS),
175,SUPLEMENTO APÍCOLA,
176,SUPLEMENTO ALIMENTICIO PECUARIO,
177,SUPLEMENTO ALIMENTICIO APÍCOLA,
178,CONSTRUCCIÓN DE INFRAESTRUCTIRA Y EQUIPO P/ ALM. DE AGUA,
179,HIDROLAVADORA,
180,PRENSA PARA GANADO,
181,MEZCLADORA (USO PECUARIO),
182,TRACTOR AGRÍCOLA,
183,MOLINO PARA FORRAJE (IMPLEMENTOS FORRAJEROS),
184,ASPERSORA ENGANCHE A TRACTOR,
185,DESAZOLVE DE BORDO CON GEOMEMBRANA,
186,VIAJES DE AGUA USO PECUARIO,
187,MOLINO DE FORRAJE,
188,PAQUETE PEQUEÑA ESCALA,
189,EQUIPAMIENTO DE INVERNADERO,
190,"CISTERNA DE AL MENOS 5,000 (CINCO MIL) LITROS",
191,NIVELADORA,
192,LÍNEAS DE CONDUCCIÓN CON HIDRÁNTES,
193,PROYECTOS EJECUTIVOS,
194,DESMENUZADORA,
195,HUERTO FAMILIAR,
196,DRON AGRÍCOLA,
197,EQUIPAMIENTO Y REHAB. DE SISTEMAS ELECTROMECÁNICOS Y DE ESTRUCTURAS,
198,SRT: REHAB. DE SISTEMAS ELECTROMECÁNICOS Y DE ESTRUCTURAS,
199,SEMBRADORA DE PRECISIÓN,
200,ENSILADORA,
201,"JORNALES, INSUMOS, ASISTENCIA TÉCNICA",
202,CUCHILLA NIVELADORA,
203,CONSTRUCCIÓN DE INVERNADERO,
204,CONSTRUCCIÓN DE OLLA PARA ALMACENAMIENTO DE AGUA,
205,CONSTRUCCIÓN DE OLLA DE AGUA,
206,TRACTOR LIGERO CON IMPLEMENTOS,
207,CONTRUCCIÓN DE BORDO PARCELARIO,
208,PLUMA DE LEVANTE,
209,CARGADOR FRONTAL,
210,MOLINO DE MARTILLOS,
211,FERTILIZADORA,
212,FERTILIZANTE QUÍM. FOSFATO DIAMÓNICO (DAP),
213,MOCHILA ASPERSORA Y MOTOBOMBA,
214,DESAZOLVE DE PRESA,
215,DESVARADORA,
216,AVES PARA POSTURA,
217,JAULA USO PECUARIO,
218,CERCO DE ALAMBRE DE PÚAS,
219,PALA FRONTAL ENGANCHE A TRACTOR,
220,REHABILITACIÓN OLLA DE AGUA CON GEOMEMBRANA,
221,CERCO PROTECCIÓN PARCELA (MALLA),
222,CAPACITACIÓN PARA SEGURIDAD ALIMENTARIA,
223,SRT: EQUIPAMIENTO Y REHAB. DE SISTEMAS ELECTROMECÁNICOS Y DE ESTRUCTURAS,
224,COSECHADOR,
225,EQUIPO PARA CONSERVACIÓN DE FORRAJE,
226,CONTRUCCION DE BORDO,
227,PACAS FORRAJERAS Y/O SUPLEMENTOS PECUARIOS,
228,CONSTRUCCIÓN DE OLLA DE AGUA CON GEOMEMBRANA,
229,DESVARADORA (IMPLEMENTOS FORRAJEROS),
230,COSECHADORA,
231,SISTEMA DE COSECHA DE AGUA DE LLUVIA (ÁREA CAPTACIÓN Y DEPÓSITO DE AGUA),
232,TERMO CRIOGÉNICO,
233,REHABILITACIÓN DE MACROTÚNELES,
234,GEOMEMBRANA DE 30X15X4  POR 7 DE PROFUNDIDAD,
235,"CISTERNA 10,000 LTS",
236,SISTEMA DE BOMBEO SOLAR P/ RIEGO,
237,CONSTRUCCIÓN DE OLLA  PARA ALMACENAMIENTO DE AGUA (INCLUYE GEOMEMBRANA),
238,MOTOCULTOR CON IMPLEMENTOS,
239,CONSTRUCCIÓN DE MICROTÚNELES,
240,APOYO PARA PESCA O ACUACULTURA,
241,MOTOCULTOR,
242,DESBROZADORA Y MOLINO DE NIXTAMAL,
243,MEZCLADORA,
244,EQUIPAMIENTO DE POZO,
245,MALLAS DE PROTECCIÓN,
246,SEMILLA GRANOS BÁSICOS,
247,REHABILITACION DE SISTEMA DE RIEGO,
248,REHABILITACIÓN DE PRESA,
249,GEOMEMBRANA PARA BORDO DE 30 METROS CUADRADOS POR 5 METROS DE ALTURA,
250,SEMILLA HORTALIZAS,
251,CONSTRUCCIÓN DE BORDO PARCELARIO,
252,ASESORÍA TÉCNICA,
253,SEMBRADORA FERTLIZADORA,
254,REHABILITACIÓN Y DESAZOLVE DE BORDO,
255,GEOMEMBRANA E INSTALACIÓN,
256,SISTEMA DE COSECHA DE AGUA DE LLUVIA,
257,APOYO POR AFECTACIONES POR PRECIPITACIONES ATÍPICAS,
258,SISTEMA COSECHA AGUA DE LLUVIA (ÁREA CAPTACIÓN),
259,ALIMENTO CONCENTRADO,
260,SEMILLA DE GARBANZO,
261,TINACOS PARA USO AGROPECUARIO,
262,GARBANZO,
263,BEBEDEROS,
264,SEMILLA DE PASTO,
265,AGUA PARA USO PECUARIO,
266,"TINACO DE HASTA 10,000 LTS",
267,ALIMENTO ACUÍCOLA,
268,ALAMBRE DE PÚAS,
269,ALEVINES,
270,TINACO DE AL MENOS 5000 LTS P/HUERTO,
271,SEMENTALES BOVINO CON REGISTRO,
272,CERCO ELÉCTRICO,
273,SEMENTAL BOVINO,
274,SEMOVIENTES,
275,TINACO 5000 LTS,
276,"CISTERNA DE 5000 LTS ,MOLINO DE NIXTMAL, ASPERSORA MANUAL",
277,SISTEMA DE RIEGO POR GOTEO,
278,REMOLQUE PIPA,
279,TINACO 10000 LTS,
280,"DESBROZADORA ,FUMIGADORA PULVERIZADORA",
281,CARRO MEZCLADOR,
282,PANELES SOLARES,
283,LÍNEA DE CONDUCCIÓN DE AGUA,
284,VIENTRES BOVINO,
285,SISTEMA COSECHA AGUA DE LLUVIA (DEPÓSITO DE AGUA),
286,APOYO PARA CERCO DE ALAMBRE DE PÚAS,
287,"TINACO 5000 LTS, MOLINO DE NIXTAMAL, DESBROZADORA",
288,COLMENA COMPLETA,
289,SRT: REHAB. DE SISTEMA DE RIEGO POR GOTEO,
290,RED PARA COSECHA (ACUÍCOLA),
291,PROYECTOS ESTRATEGICOS PECUARIOS,
292,CERCO PARA PROTECCIÓN DE BORDO,
293,PROYECTO ESTRATÉGICO,
294,VIENTRES BOVINO CÁRNICO O DOBLE PROPÓSITO GESTANTE CON REGISTRO,
295,COMEDERO,
296,EQUIPO PARA PROD. Y TRANSFORMACIÓN DE MIEL,
297,ASPERSORA (ENGANCHE A TRACTOR),
298,HORNO MOVIL,
299,PROYECTO ESTRATÉGICO (TECHUMBRE PARA CENTRO DE ACOPIO),
300,PROYECTO ESTRATÉGICO (MAQUINA TORTILLADORA),
301,CERCO DE PROTECCIÓN DE PARCELAS,
302,SUSTITUCIÓN DE EMBARCACIÓN FIBRA DE VIDRIO P/PESCA COMERCIAL,
303,PROYECTO ESTRATÉGICO (ESTRACTOR INDUSTRIAL),
304,REMOLQUE DE USO PRODUCTIVO,
305,MATERIAL VEGETATIVO (MAGUEY),
306,VIENTRES OVINO,
307,PAQUETE DE TRACTOR LIGERO DE HASTA 3 IMPLEMENTOS,
308,ULTRASONIDO PARA DIAGNOSTICO DE GESTACIÓN,
309,CORTADORA HILERADORA DE FRIJOL,
310,HUERTO SUSTENTABLE,
311,EMBARCACIÓN DE FIBRA DE VIDRIO,
312,REHABILITACIÓN Y/O EQUIPAMIENTO DE INVERNADEROS 694.8 M2,
313,REHABILITACIÓN DE GEOMEMBRANA,
314,MOTOR ECOLÓGICO FUERA DE BORDA,
315,SEMOVIENTES (VIENTRES PORCINOS),
316,REHABILITACION DE BORDO CON GEOMEMBRANA,
317,LÍNEA DE CONDUCCIÓN DE AGUA USO PECUARIO,
318,CERCADO DE PROTECCIÓN Y COMPONENTES COMPLEMENTARIOS,
319,APOYO PARA PROYECTO PRODUCTIVO AGRÍCOLA,
320,PAPALOTE,
321,"PROYECTO ESTRATÉGICO (DEPÓSITO PARA ALMACENAMIENTO DE AGUA, 1RA. ETAPA DE SISTEMA DE RIEGO)",
322,FERTIRRIEGO PARA INVERNADERO,
323,VIENTRES PORCINO,
324,REHABILITACIÓN Y/O EQUIPAMIENTO DE INVERNADEROS,
325,CONSTRUCCIÓN Y/O REHAB. DE INFRAESTRUCTURA Y EQUIPO P/CONDUCCIÓN DE AGUA,
326,CONGELADOR (ACUÍCOLA),
327,REHAB. DE SISTEMA DE RIEGO POR GOTEO,
328,TRACTOR,
329,BOVINO CON REGISTRO GENEALOGICO,
330,REHABILITACION DE SISTEMA DE RIEGO 4HA,
331,REMOLQUE DE USO PRODUCTIVO (AGRICOLA),
332,SISTEMA DE RIEGO,
333,JAULA DE USO PECUARIO,
334,SISTEMA DE RIEGO POR ASPERSIÓN,
335,SISTEMA DE RIEGO POR MULTICOMPUERTAS,
336,REMOLQUE DE USO PRODUCTIVO (GANADERO),
337,APOYO PARA PRODUCCIÓN APÍCOLA,
338,REHABILITACION DE SISTEMA DE RIEGO 3HA,
339,VIENTRES BOVINOS GESTANTES,
340,SISTEMA DE RIEGO (MULTICOMPUERTAS),
341,SEMBRADORA NEUMATICA DE PRECISION,
342,REHABILITACION DE SISTEMA DE RIEGO 2HA,
343,MOLINO MEZCLADOR (USO PECUARIO),
344,MOLINO FORRAJERO,
345,APOYO PARA PROYECTO PRODUCTIVO FORESTAL,
346,COMEDEROS DE USO PECUARIO,
347,SISTEMA DE RIEGO 3HA,
348,PANEL SOLAR,
349,CERCO DE PROTECCION DE PARCELAS 1.5HA,
350,CARRO MEZCLADOR USO PECUARIO,
351,REMOLQUE DE USO PRODUCTIVO (HIDRAHULICO),
352,REHABILITACION DE INVERNADERO (PLASTICO),
353,SUMINISTRO Y COLOCACION Y TERMOFUSION DE GEOMEMBRANA,
354,NÚCLEOS DE ABEJAS,
355,SIST. DE RIEGO MULTICOMPUERTAS Y LÍNEAS DE CONDUCCIÓN C/HIDRANTES,
356,SISTEMA DE BOMBEO SOLAR,
357,ESCREPA,
358,PROYECTO ESTRATÉGICO (HERRAMIENTA PARA JIMAR MAGUEY),
359,SEMBRADORA NEUMATICA DE PRESICION,
360,SEMENTAL PORCINO,
361,CONGELADOR,
362,SISTEMA DE RIEGO (LINEAS DE CONDUCCION),
363,TRACTOR  DE 40 A 125 CABALLOS DE FUERZA (HP) A LA TOMA DE FUERZA,
364,SRT: PARA POZO DE RIEGO,
365,PROYECTO ESTRATEGICO ( REHABILITACION DE EQUIPO DE SISTEMA DE RIEGO),
366,VIENTRE PORCINO,
367,REHABILITACION DE SISTEMA DE RIEGO 4.5HA,
368,TRACTOR DE MENOS DE 40 CABALLOS DE FUERZA (HP) A LA TOMA DE FUERZA,
369,"PAQUETE  A PEQUEÑA ESCALA (EQUIPO PARA BOMBEO Y CONDUCCION DE AGUA,MOCHILA ASPERSORA,DESBROZADORA)",
370,PAQUETE DE TRACTOR LIGERO CON IMPLEMENTOS,
371,TRACTOR DE 40 O MENOS CABALLOS DE FUERZA,
372,MAQUINA TORTILLADORA,
373,OVINO GESTANTE SIN REGISTRO,
374,JAULAS DE USO PECUARIO,
375,APOYO PARA PROYECTO PRODUCTIVO PECUARIO,
376,AIREADOR (ACUÍCOLA),
377,CORTADORA-HILEADORA DE FRIJOL,
378,TRACTOR LIGERO CON TOMA DE FUERZA 14-18 HP,
379,REHABILITACIÓN DE OLLA PARA ALMACENAMIENTO DE AGUA (INCLUYE GEOMEMBRANA),
380,DOSIS DE SEMEN SEXADO,
381,APOYO PARA PROYECTO AGROTURÍSTICO,
382,HERRAMIENTA MENOR,
383,REMOLQUE CAMA BAJA,
384,TINACO 1100 LTS,
385,TINACO 3000 LTS,
386,MOTOSIERRA,
387,REMOLQUE GANADERO,
388,CARRETILLA Y HERRAMIENTAS,
389,KIT DE HUERTO DE TRASPATIO,
390,REMOLQUE CAMA BAJA 6 TON,
391,PAQUETE DE HERRAMIENTAS,
392,REMOLQUE PARA USO PRODUCTIVO,
393,CISTERNA 10000 LTS,
394,REMOLQUE GANADERO 5X10,
395,CISTERNA 3000 LTS,
396,TRACTOR PODADOR,
397,SRT: SISTEMA DE RIEGO POR ASPERSIÓN,
398,REMOLQUE CAMA BAJA 3 TON,
399,CISTERNA 5000 LTS,
400,REHABILITACIÓN DE OLLA PARA ALMACENAMIENTO DE AGUA,
401,SEMENTALES OVINO CON REGISTRO,
402,SUBSOLADOR,
403,EQUIPO PARA TRANSFORMACIÓN DE ENERGÍA,
404,ABEJA REINA COMERCIAL,
405,EMBRIONES OVINO,
406,DEPOSITO DE AGUA CON TAPA,
407,EMBRIONES,
408,MAÍZ,
409,SEMILLA DE ESPÁRRAGO,
410,SISTEMA DE RIEGO POR MULTICOMPUERTA,
411,SRT: TECNIFICACIÓN DE SISTEMA DE DISTRIBUCIÓN DE AGUA,
412,LINEAS DE CONDUCCION DE AGUA,
413,CONSTRUCCION E IMPERMEABILIZACION DE EMBALSE DE 40M DE LARGO X 30M DE ANCHO X 4.5 M DE ALTO,
414,MOTO REMOLQUE,
415,SALA DE ORDEÑA,
416,ARADO,
417,KIT AGRICOLA,
418,EQUIPAMIENTO PARA COSECHA DE AGUA DE LLUVIA,
419,SISTEMA DE ESPALDERAS,
420,INTERCEPA,
421,SEMOVIENTES Y MATERIAL GENETICO,
422,TECNIFICACIÓN DE SISTEMA DE DISTRIBUCIÓN DE AGUA,
423,GEOMEMBRANA HDPE,
424,KIT PRODUCCIÓN PEQUEÑA ESCALA,
425,SEGADORA ACONDICIONADORA,
426,AIREADOR,
427,PRENSA GANADERA,
428,TINACOS PARA USO AGROPECUARIO + PAQUETE DE HERRAMIENTAS,
429,SISTEMA DE COSECHA DE AGUA DE LLUVIA (AREA DE CAPTACION),
430,PROYECTOS ESTRATEGICOS AGRICOLA,
431,"TINACO 5,000 LTS",
432,"TINACO DE 10,000 LTS",
433,DEPÓSITO DE GEOMEMBRANA,
434,SRT: RIEGO POR MULTICOMPUERTAS Y/O LINEAS DE CONDUCCION HIDRATANTES.,
435,CONSTRUCCIÓN DE MACROTÚNEL,
436,JAULAS DE USO PECUARIO (CONEJOS),
437,EQUIPO DE TRANSFORMACIÓN Y PRODUCCIÓN DE MIEL,
438,REMOLQUE CAMA BAJA DE 3 T,
439,ESTANQUE DE GEOMEMBRANA,
440,REMOLQUE CAMA BAJA 3T,
441,ASPERSORA PARA TRACTOR,
442,MICROTUNEL PARA HUERTA DE NOPAL,
443,"CISTERNA DE 10,0000",
444,ASPERSORA AGRICOLA DE 200LITROS,
445,MALLA BORREGUERA,
446,LINEA DE CONDUCCIÓN DE AGUA (MANGUERA),
447,BOMBA Y MANGUERA,
448,SUMINISTRO E INSTALACIÓN DE GEOMEMBRANA,
449,DRON,
450,SRT: SISTEMA DE RIEGO POR GOTEO,
451,COMEDEROS,
452,MATERIAL VEGETATIVO (VID),
453,MÓDULO PRODUCCIÓN FORRAJE HIDROPONICO,
454,DRON PARA USO AGRÍCOLA,
455,VIENTRES,
456,"TINACO DE 5,000 LITROS",
457,"TINACO DE 10,000 LITROS",
458,SISTEMA DE CAPTACIÓN DE AGUA DE LLUVIA (AREA DE CAPTACIÓN),
459,MOLINO,
460,REHABILITACIÓN DE INFRAESTRUCTIRA Y EQUIPO P/ ALM. DE AGUA,
461,TÚNEL DE ARCO CERRADO,
462,CERCO DE ALAMBRE DE PUAS (ALAMBRE),
463,GALLINERO,
464,SISTEMA DE BOMBEO SOLAR P/ SUM. DE AGUA P/GANADO,
465,ESTANQUE CIRCULAR DE POLIETILENO,
466,BEBEDERO,
467,TINACO,
468,CORRAL DE MANEJO,
469,TERMO PECUARIO,
470,ACOLCHADORA,
471,ASPERSORA DE MOTOR,
472,ENSILADORA AGRÍCOLA,
473,SEMEN BOVINO,
474,REHABILITACIÓN DE MACRO TÚNEL,
475,DESEMPEDRADORA,
476,EQUIPO DE ULTRASONIDO,
477,ESTANQUE CIRCULAR DE GEOMEMBRANA (ACUÍCOLA),
478,BOMBA CENTRÍFUGA,
479,ESTANQUE CIRCULAR DE POLIETILENO (ACUÍCOLA),
480,EQUIPO BIO FABRICA DE FERTILIZANTE,
481,SEMENTAL BOVINO CON REGISTRO,
482,MANGUERA PARA CONDUCCIÓN DE AGUA,
483,VIENTRE BOVINO CON REGISTRO,
484,"CISTERNA DE 5,000 LTS",
485,SEMENTAL Y VIENTRE BOVINO CON REGISTRO,
486,EMBRIONES BOVINOS,
487,PROYECTOS ESTRATEGICOS AGRÍCOLAS,
488,SISTEMA DE RIEGO POR MULTICOMPUERTAS Y/O LINEAS DE CONDUCCION CON HIDRANTES,
489,SRT: SISTEMA DE RIEGO POR GOTEO PARA 9 HA,
490,"ESTUFA ECOLÓGICA, CARRETILLA Y MICHILA ASPERSORA",
491,CORTADORA HILEADORA,
492,REHABILITACIÓN DE SISTEMA DE RIEGO POR GOTEO,
493,MEZCLADORA DE ALIMENTOS,
494,"SRT: REHABILITACION DEL SISTEMA ELECTROMECANICO DEL POZO OFICIAL NO 36, EN EL EJIDO EL SAUZ PEDRO ESCOBEDO Y POZO OFICIAL NO. 33 EN EL EJIDO EL ORGANAL SAN JUAN DEL RÍO",
495,PAQUETE TECNOLÓGICO (INSUMO PARA AGRICULTURA),
496,SRT: SISTEMA DE RIEGO POR MULTICOMPUERTAS,
497,DESTERRONADOR,
498,PERFORACION DE POZO,
499,PAQUETE DE MEDICAMIENTOS,
500,RASTRA HIDRAHULICA,
501,NIVELADORA (ESCREPA),
502,CONO FERTILIZADOR,
503,SEMBRADORA FERTILIZADORA,
504,"PAQUETE PEQUEÑA ESCALA (ASPERSORA, DESBROZADORA)",
505,"PAQUETE PEQUEÑA ESCALA (DESBROZADORA, DESGRANADORA DE MAÍZ, MOTOBOMBA)",
506,PROYECTO ESTRATEGICO AGRÍCOLA,
507,REMOLQUE AGRÍCOLA,
508,"PAQUETE PEQUEÑA ESCALA (DESBROZADORA, TINACO USO AGROPECUARIO (10,000 L))",
509,SISTEMA DE RIEGO POR COMPUERTAS,
510,MULTICULTIVADOR DE CONCERVACION,
511,"PAQUETE PEQUEÑA ESCALA (DESBROZADORA, MOCHILA ASPERSORA)",
512,MALLA CICLÓNICA,
513,SISTEMA DE COSECHA DE AGUA DELLUVIA ( CAPTACIÓN Y DEPOSITO DE AGUA),
514,PLANTA DE AGUACATE,
515,MATERIAL VEGETATIVO (NOPAL),
516,DESASOLVE DE BORDO,
517,PROYECTO ESTRATEGICO (BOMBA ELECTRICA TRIFASICA),
518,MOLINO PARA QUESO Y GRANOS,
519,SEMENTAL OVINO,
520,PROYECTO ESTRATEGICO (EQUIPAMIENTO PARA GALLINERO),
521,ELECTROBOMBA,
522,PROYECTO ESTRATÉGICO (CORRAL DE MANEJO),
523,REMOLQUE DE USO PRODUCTIVO PECUARIO,
524,CERCO DE PROTECCIÓN DE PARCELA (MALLA),
525,PROYECTO ESTRATEGICO (BOMBA SUMERGIBLE),
526,CERCO DE PROTECCIÓN DE PARCELA (ALAMBRE DE PÚAS),
527,TÚNEL DE ARCO CERRADO (ACUÍCOLA),
528,SISTEMA DE COSECHA DE AGUA DE LLUVIA (AREA DE CAPTACION Y DEPOSITO DE AGUA),
529,REMOLQUE DE USO PRODUTIVO,
530,ESTANQUE CIRCULAR DE GEOMEMBRANA,
531,REMOLQUE DE USO AGRICOLA,
532,CERCO DE ALAMBRE DE PÚAS (POSTES),
533,PLANTA DE NOGAL,
534,DESAZOLVE DE PRESA A MANO,
535,VIENTRES BOVINOS GESTANTES CON REGISTRO,
536,SISTEMA DE BOMBEO SOLAR PARA RIEGO,
537,MATERIAL VEGETATIVO (NOGAL),
538,MALLA DE PROTECCION,
539,EQUIPO DE BOMBEO Y CONDUCCION DE AGUA,
540,MOLINO PARA NIXTAMAL,
541,"CISTERNA DE 10,000 LTS",
542,"TINACOS PARA USO AGROPECUARIO (2,500 LTS)",
543,SISTEMA DE COSECHA DE AGUA DE LLUVIA(AREA DE CAPTACION),
544,TELA BORREGUERA,
545,"TINACOS PARA USO AGROPECUARIO (1,100 LTS)",
546,CERCO DE PROTECCIÓN DE PARCELA,
547,HIDROLAVADORA ELÉCTRICA,
548,SISTEMA DE COSECHA DE AGUA DE LLUVIA (ÁREA CAPTACIÓN),
549,CARRETILLA Y MOCHILA ASPERSORA,
550,"EQUIPO, TRANSFORMACIÓN Y PRODUCCIÓN DE MIEL",
551,TINACO 1100 LT,
552,PAQUETE DE JARDINERO,
553,CISTERNA 5000 LT,
554,CISTERNA 2800 LTS,
555,CISTERNA 10 000 LTS,
556,HERRAMIENTAS,
557,CISTERNA 2500 LT,
558,SRT: AMPLIACION DE LINEA DE CONDUCCION DE AGUA,
559,CISTERNA 2500LT,
560,EQUIPAMIENTO PARA PRODUCCIÓN PECUARIA,
561,GENERADOR DE LUZ,
562,CRÍAS DE PECES REPRODUCTORES,
563,DESGRANADORA DE MAÍZ,
564,CISTERNA 10 000 LTS CON BOMBA,
565,PROYECTO ESTRATEGICO (EQUIPO PARA VALOR AGREGADO),
566,BATIDORA,
567,"PROYECTO ESTRATÉGICO (VALOR AGREGADO, HORNO DE CONVECCION)",
568,REHABILITACIÓN DE OLLA DE AGUA CON GEOMEMBRANA,
569,PROYECTO ESTRATÉGICO (PODADORA DE ALTURA),
570,"TINACO PARA USO AGROPECUARIO (5,000 LTS)",
571,"TINACO PARA USO AGROPECUARIO (10,000 LTS)",
572,"TINACO 10,000 LTS",
573,GEOMEMBRANA CON ESTRUCTURA (45 000 LTS),
574,MATERIAL VEGETATIVO(VARIOS),
575,PROYECTO ESTRATÉGICO (MAQUINA TORTILLADORA MANUAL),
576,PROYECTO ESTRATEGICO ( MAQUINA TORTILLADORA),
577,"MATERIAL VEGETATIVO (LIMON, MANZANA, DURAZNO, AGUACATE)",
578,PROYECTO ESTRATÉGICO ( MAQUINA TORTILLADORA MANUAL),
579,GEOMEMBRANA CON ESTRUCTURA (25 000 LTS),
580,"MATERIAL VEGETATIVO ( AGUACATE,LIMON,MANZANA, DURAZNO)",
581,APOYO PARA PROTECCIÓN DE HUERTO,
582,SISTEMA ATRAPANIEBLAS,
583,"MATERIAL VEGETATIVO (MANZANA, LIMON, PERA)",
584,"MATERIAL VEGETATIVO ( AGUACATE, NARANJA, LIMON, PERA)",
585,MATERIAL VEGETATIVO ( MANZANA),
586,FERTILIZANTE QUIMICO ( UREA),
587,MATERIAL VEGETATIVO(AGUACATE),
588,INVERNADERO,
589,PROYECTO ESTRATÉGICO ( CORRAL DE MNEJO PARA BOVINOS),
590,MATERIAL VEGETATIVO(MANZANAS),
591,GEOMEMBRANA CON ESTRUCTURA (50 000 LTS),
592,PROYECTO ESTRATÉGICO ( CONSTRUCCION DE TEJABAN PARA FORRAJE),
593,PROYECTO ESTRATÉGICO ( BODEGA DE FORRAJE),
594,SALA DE MATERNIDAD PECUARIA,
595,CARGADOR FRONTAL ( BISON),
596,PROYECTO ESTRATEGICO ( SOPLADORA),
597,PROYECTO ESTRETÉGICO (NAVE Y BODEGA PORCICOLA),
598,EQUIPAMIENTO DE MACROTUNEL,
599,EQUIPO PARA PRODUCCION Y TRANSFORMACION  DE MIEL,
600,PROYECTO ESTRATEGICO ( AGROTURISTICO),
601,TINACO PARA USO AGROPECUARIO (1100 LTS),
602,PROYECTO ESTRATÉGICO (EXTRACTOR),
603,PROYECTO ESTRATÉGICO (EQUIPAMIENTO PARA LICOR),
604,PROYECTO ESTRATÉGICO (TANQUE PIPA),
605,"TINACO 2,500 LTS",
606,PROYECTO ESTRATÉGICO ( TECHUMBRE),
607,REHABILITACION MACROTUNEL,
608,PROYECTO ESTRATÉGICO ( CORRAL DE MANEJO),
609,KIT DE HERRAMIENTA,
610,PACAS DE FORRAJE,
611,CONSTRUCCIÓN Y/O REHABILITACIÓN DE MACRO Y MICRO TUNELES,
612,ESTUFA ECOLOGIA Y MOLINO DE NIXTAMAL,
613,"MOLINO DE NIXTAMAL ARENAS 1HP, CARRETILLA, DESBROZADORA",
614,SRT: ELABORACIÓN DE PROYECTO EJECUTIVO,
615,"TINACO PARA USO AGROPECUARIO, DESBROZADORA",
616,"MOLINO DE NIXTAMAL, ESTUFA ECOLOGICA Y CARRETILLA",
617,PAQUETE BIO-FABRICA DE FERTILIZANTE,
618,"CARRETILLA, ESTUFA ECOLOGICA, PAQUETE DE HERRAMIENTAS, MOCHILA ASPERSORA, DESBROZADORA",
619,ESTUFA ECOLOGICA Y CARRETILLA,
620,MODULO PARA PRODUCCIÓN DE FORRAJE VERDE HIDROPONICO,
621,PROYECTO INTEGRAL Y/O ESTRATEGICO (TRANSFORMACION DE LECHE),
622,MOLINO DE NIXTAMAL Y DESBROZADORA,
623,"PARIHUELA,DESBROZADORA, MOCHILA ASPERSORA, MOTOBOMBA Y ASPERSORA",
624,"MOLINO DE NIXTAMAL, ESTUFA ECOLOGICA",
625,"DESBROZADORA, ESTUFA ECOLOGICA",
626,MOCHILA ASPERSORA Y DESBROZADORA,
627,PROYECTO ESTRATEGICO (EQUIPO DE LLENADO DE BOTELLAS),
628,"CARRETILLA, TINACO PARA USO AGROPECUARIO Y ESTUFA ECOLOGICA",
629,"DESBROZADORA, CARRETILLA Y ESTUFA ECOLOGICA",
630,"DESBROZADORA, ESTUFA ECOLOGICA, MOLINO DE NIXTAMAL",
631,ESTUFA ECOLOGICA Y MOLINO DE NIXTAMAL,
632,DESBROZADORA Y MOCHILA ASPERSORA,
633,DESBROZADORA/MOLINO NIXTAMAL,
634,"MOCHILA ASPERSORA, DESBROZADORA",
635,"EQUIPO BIOFABRICA DE FERTILIZANTE, DESBROZADORA",
636,"MOCHILA ASPERSORA, ESTUFA ECOLÓGICA Y CARRETILLA",
637,"MOLINO DE NIXTAMAL, CARRETILLA",
638,"VIENTRES OVINO GESTANTE CON REGISTRO GENEALOGICO, SEMENTAL OVINO CON REGISTRO GENEALOGICO",
639,"MOTOBOMBA, CARRETILLA Y ESTUFA ECOLOGICA",
640,REHABILITACION O DEZASOLVE DE BORDOS,
641,"MOLINO DE NIXTAMAL, MOCHILA ASPERSORA, ESTUFA ECOLOGICA",
642,"ESTUFA ECOLOGICA, TINACO USO AGROPECUARIO",
643,DRONES PARA USO AGRICOLA,
644,CISTERNA,
645,SEMENTAL BOVINO CON REGISTRO GENEALOGICO,
646,TINACO PARA USO AGROPECUARIO Y MOCHILA ASPERSORA,
647,REHABILITACIÓN DE MACROTUNEL (PLASTICOS),
648,"PARIHUELA, MOCHILA ASPERSORA",
649,REHABILITACIÓN O DESAZOLVE DE BORDOS,
650,"MOCHILA ASPERSORA, DESBROZADORA, MOTOBOMBA",
651,MATERIAL VEGETATIVO (PLANTA DE NOPAL),
652,"MOLINO DE NIXTAMAL, ESTUFA ECOLOGICA, DESGRANADORA",
653,DESBROZADORA Y TINACO PARA USO AGROPECUARIO,
654,"TINACO PARA USO AGROPECUARIO, ESTUFA ECOLOGICA",
655,SEMENTAL CAPRINO CON REGISTRO GENEALOGICO Y VIENTRES CAPRINOS GESTANTES CON REGISTRO GENEALOGICO,
656,DESAZOLVE DE PRESA CON MAQUINARIA,
657,"PARIHUELA, MOTOBOMBA",
658,REHABILITACIÓN DE MACROTUNEL,
659,"DESBROZADORA, MOTOBOMBA, MOCHILA ASPERSORA",
660,EQUIPO BIOFABRICA DE FERTILIZANTE,
661,"TINACO PARA USO AGROPECUARIO, CARRETILLA Y MOCHILA ASPERSORA",
662,SEMOVIENTE Y MATERIAL GENETICO,
663,PROYECTO ESTRATEGICO (REHABILITACION DE POZO),
664,EQUIPO TRANSFORMACIÓN Y PRODUCCIÓN DE MIEL,
665,"CARRETILLA, MOCHILA ASPERSORA",
666,DESALVE DE BORDO,
667,MATERIAL VEGETATIVO (ROSAL),
668,"SEMENTAL BOVINO CON REGISTRO GENEALOGICO Y EVALUACIÓN GENETICA BEEMASTER, CHAROLAIS, SIMMENTAL",
669,MOLINO DE NIXTAMAL Y MOCHILA APERSORA,
670,TECNIFICACIÓN INFRAESTRUCTURA HIDRIAGRÍCOLA,
671,"TINACO PARA USO AGROPECUARIO, DESBROZADORA Y ESTUFA ECOLOGICA",
672,"TINACO PARA USO AGROPECUARIO, CARRETILLA",
673,NUCLEOS DE ABEJA,
674,VIENTRE PORCINO SIN REGISTRO GENEALOGICO,
675,"CARRETILLA, DESBROZADORA Y TINACOS PARA USO AGROPECUARIO",
676,MANGUERA,
677,"MOLINO DE NIXTAMAL, DESBROZADORA",
678,ESTUFA ECOLOGICA Y MOCHILA ASPERSORA,
679,SEMENTAL BOVINO CARNICO O DOBLE PROPOSITO GESTANTE CON REGISTRO GENEALOGICO,
680,TINACO PARA USO AGROPECUARIO Y DESBROZADORA,
681,"DESBROZADORA, MOCHILA ASPERSORA Y ESTUFA ECOLOGICA",
682,"ESTUFA ECOLOGICA, MOLINO DE NIXTAMAL",
683,"MOLINO DE NIXTAMAL, HUERTO FAMILIAR, TINACO USO AGROPECUARIO",
684,"MOLIO DE NIXTAMAL, EQUIPO PARA BOMBEO Y CONDUCCION DE AGUA",
685,"ESTUFA ECOLOGICA, MOLINO DE NIXTAMAL, CARRETILLA",
686,"MOTOBOMBA, TINACO PARA USO AGROPECUARIO Y CARRETILLA",
687,"CISTERNA, MOTOBOMBA",
688,"DESBROZADORA, MOLINO DE NIXTAMAL, ESTUFA ECOLOGICA",
689,MOLINO MEZCLADOR,
690,"DESBROZADORA, MOLINO DE NIXTAMAL Y CARRETILLA",
691,BOVINO CARNICO O DOBLE PROPOSITO GESTANTE SN REGISTRO,
692,"MOLINO PARA NIXTAMAL, ESTUFA ECOLOGICA",
693,MOCHILA ASPERSORA Y MOLINO DE NIXTAMAL,
694,PARIHUELA Y CARRETILLA,
695,PROYECTO ESTRATEGICO (CAMARA DE REFRIGERACION PARA PRODUCCION DE ROSAS),
696,VITRINA,
697,"DESBROZADORA, MOLINO DE NIXTAMAL Y MOTOBOMBA",
698,"DESBROZADORA, PAQUETE DE HERRAMIENTAS",
699,"DESBROZADORA, MOCHILA ASPERSORA",
700,EQUIPO BIOFABRICA DE FERTILIZANTE Y DESBROZADORA,
701,"MOCHILA ASPERSORA, DESBROZADORA Y CARRETILLA",
702,EQUIPAMIENTO Y REHAB. DE SISTEMAS ELECTROMECÁNICOS Y DE ESTRUCTURAS EJIDO LA LLAVE POZO 26,
703,EQUIPAMIENTO Y REHAB. DE SISTEMAS ELECTROMECÁNICOS Y DE ESTRUCTURAS EJIDO SANTA MATILDE POZO 25,
704,CARRETILLA Y TINACO PARA USO PRODUCTIVO,
705,VIENTRE BOVINO CARNICO O DOBLE PROPOSITO GESTANTE SIN REGISTRO GENEALOGICO,
706,ULTRASONIDO PARA DIGNOSTICO DE GESTACIÓN,
707,PROYECTO ESTRATEGICO (PRODUCCION DE ROSAS),
708,"CARRETILLA, TINACO PARA USO AGROPECUARIO",
709,"DESBROZADORA, MOLINO DE NIXTAMAL.",
710,ASPERSORA Y MOLINO DE NIXTAMAL,
711,"TINACO PARA USO AGROPECUARIO, DESBROZADORA, ESTUFA ECOLOGICA",
712,SRT: REHAB. DE SISTEMA ELECTROMECÁNICO,
713,"SRT: EQUIPAMIENTO DEL SISTEMA ELECTROMECÁNICO DEL POZO OFICIAL 12A EN EL EJIDO SAN ISIDRO, SAN JUAN DEL RÍO",
714,ENSILADORA USO PECUARIO,
715,TINACO PARA USO AGROPECUARIO Y MOTOBOMBA,
716,DESPULPADORA,
717,CAMAS DE MATERNIDAD,
718,MESA ACERO INOXIDABLE USO PECUARIO,
719,"CISTERNA DE AL MENOS 5,000(CINCO MIL)LITROS",
720,TINACO 2500 LTS,
721,MOLINOS PARA FORRAJE,
722,"SISTEMA DE COSECHA DE AGUA DE LLUVIA 
( AREA DE CAPTACION Y DEPOSITO DE AGUA )",
